input_mode,data_split,source_second,target_second,zone_id,zone,current_input_count,actual_next_count,predicted_next_count,model_absolute_error,persistence_absolute_error
ground_truth_input,train,0.0,1.0,0,far,2,2,1.8364,0.1636,0.0
ground_truth_input,train,0.0,1.0,1,upper_mid,2,1,2.4787,1.4787,1.0
ground_truth_input,train,0.0,1.0,2,middle,5,4,4.8432,0.8432,1.0
ground_truth_input,train,0.0,1.0,3,lower_mid,1,2,1.5693,0.4307,1.0
ground_truth_input,train,0.0,1.0,4,near,4,4,3.9389,0.0611,0.0
ground_truth_input,train,1.0,2.0,0,far,2,2,1.5169,0.4831,0.0
ground_truth_input,train,1.0,2.0,1,upper_mid,1,4,1.6605,2.3395,3.0
ground_truth_input,train,1.0,2.0,2,middle,4,0,3.0707,3.0707,4.0
ground_truth_input,train,1.0,2.0,3,lower_mid,2,2,2.5426,0.5426,0.0
ground_truth_input,train,1.0,2.0,4,near,4,3,3.7354,0.7354,1.0
ground_truth_input,train,2.0,3.0,0,far,2,3,1.6572,1.3428,1.0
ground_truth_input,train,2.0,3.0,1,upper_mid,4,3,4.5343,1.5343,1.0
ground_truth_input,train,2.0,3.0,2,middle,0,0,0.0,0.0,0.0
ground_truth_input,train,2.0,3.0,3,lower_mid,2,0,2.3447,2.3447,2.0
ground_truth_input,train,2.0,3.0,4,near,3,3,2.8774,0.1226,0.0
ground_truth_input,train,3.0,4.0,0,far,3,3,3.0926,0.0926,0.0
ground_truth_input,train,3.0,4.0,1,upper_mid,3,3,2.689,0.311,0.0
ground_truth_input,train,3.0,4.0,2,middle,0,0,0.4862,0.4862,0.0
ground_truth_input,train,3.0,4.0,3,lower_mid,0,1,0.4743,0.5257,1.0
ground_truth_input,train,3.0,4.0,4,near,3,3,2.9462,0.0538,0.0
ground_truth_input,train,4.0,5.0,0,far,3,3,2.7244,0.2756,0.0
ground_truth_input,train,4.0,5.0,1,upper_mid,3,3,2.9562,0.0438,0.0
ground_truth_input,train,4.0,5.0,2,middle,0,0,0.4229,0.4229,0.0
ground_truth_input,train,4.0,5.0,3,lower_mid,1,2,1.4717,0.5283,1.0
ground_truth_input,train,4.0,5.0,4,near,3,2,2.8666,0.8666,1.0
ground_truth_input,train,5.0,6.0,0,far,3,2,2.7248,0.7248,1.0
ground_truth_input,train,5.0,6.0,1,upper_mid,3,3,2.9532,0.0468,0.0
ground_truth_input,train,5.0,6.0,2,middle,0,0,0.4746,0.4746,0.0
ground_truth_input,train,5.0,6.0,3,lower_mid,2,2,2.3251,0.3251,0.0
ground_truth_input,train,5.0,6.0,4,near,2,2,1.929,0.071,0.0
ground_truth_input,train,6.0,7.0,0,far,2,3,1.7399,1.2601,1.0
ground_truth_input,train,6.0,7.0,1,upper_mid,3,1,2.9276,1.9276,2.0
ground_truth_input,train,6.0,7.0,2,middle,0,0,0.5209,0.5209,0.0
ground_truth_input,train,6.0,7.0,3,lower_mid,2,2,2.2086,0.2086,0.0
ground_truth_input,train,6.0,7.0,4,near,2,2,1.9781,0.0219,0.0
ground_truth_input,train,7.0,8.0,0,far,3,3,2.8656,0.1344,0.0
ground_truth_input,train,7.0,8.0,1,upper_mid,1,1,0.9068,0.0932,0.0
ground_truth_input,train,7.0,8.0,2,middle,0,0,0.5038,0.5038,0.0
ground_truth_input,train,7.0,8.0,3,lower_mid,2,3,2.2157,0.7843,1.0
ground_truth_input,train,7.0,8.0,4,near,2,2,1.9727,0.0273,0.0
ground_truth_input,train,8.0,9.0,0,far,3,3,2.4106,0.5894,0.0
ground_truth_input,train,8.0,9.0,1,upper_mid,1,1,1.2932,0.2932,0.0
ground_truth_input,train,8.0,9.0,2,middle,0,2,0.3901,1.6099,2.0
ground_truth_input,train,8.0,9.0,3,lower_mid,3,1,3.1788,2.1788,2.0
ground_truth_input,train,8.0,9.0,4,near,2,2,1.9823,0.0177,0.0
ground_truth_input,train,9.0,10.0,0,far,3,3,2.4062,0.5938,0.0
ground_truth_input,train,9.0,10.0,1,upper_mid,1,0,1.3447,1.3447,1.0
ground_truth_input,train,9.0,10.0,2,middle,2,4,2.6034,1.3966,2.0
ground_truth_input,train,9.0,10.0,3,lower_mid,1,0,0.8799,0.8799,1.0
ground_truth_input,train,9.0,10.0,4,near,2,3,2.0545,0.9455,1.0
ground_truth_input,train,10.0,11.0,0,far,3,1,2.2303,1.2303,2.0
ground_truth_input,train,10.0,11.0,1,upper_mid,0,0,0.5583,0.5583,0.0
ground_truth_input,train,10.0,11.0,2,middle,4,6,3.7693,2.2307,2.0
ground_truth_input,train,10.0,11.0,3,lower_mid,0,1,0.3939,0.6061,1.0
ground_truth_input,train,10.0,11.0,4,near,3,3,2.975,0.025,0.0
ground_truth_input,train,11.0,12.0,0,far,1,1,0.2123,0.7877,0.0
ground_truth_input,train,11.0,12.0,1,upper_mid,0,0,0.8083,0.8083,0.0
ground_truth_input,train,11.0,12.0,2,middle,6,6,4.9711,1.0289,0.0
ground_truth_input,train,11.0,12.0,3,lower_mid,1,1,1.6073,0.6073,0.0
ground_truth_input,train,11.0,12.0,4,near,3,5,2.7387,2.2613,2.0
ground_truth_input,train,12.0,13.0,0,far,1,1,0.3991,0.6009,0.0
ground_truth_input,train,12.0,13.0,1,upper_mid,0,2,0.8301,1.1699,2.0
ground_truth_input,train,12.0,13.0,2,middle,6,3,4.8169,1.8169,3.0
ground_truth_input,train,12.0,13.0,3,lower_mid,1,4,1.5714,2.4286,3.0
ground_truth_input,train,12.0,13.0,4,near,5,4,4.7614,0.7614,1.0
ground_truth_input,train,13.0,14.0,0,far,1,1,0.5956,0.4044,0.0
ground_truth_input,train,13.0,14.0,1,upper_mid,2,3,2.8904,0.1096,1.0
ground_truth_input,train,13.0,14.0,2,middle,3,4,1.842,2.158,1.0
ground_truth_input,train,13.0,14.0,3,lower_mid,4,4,4.6575,0.6575,0.0
ground_truth_input,train,13.0,14.0,4,near,4,4,3.5918,0.4082,0.0
ground_truth_input,train,14.0,15.0,0,far,1,1,0.8522,0.1478,0.0
ground_truth_input,train,14.0,15.0,1,upper_mid,3,4,3.3587,0.6413,1.0
ground_truth_input,train,14.0,15.0,2,middle,4,2,4.0509,2.0509,2.0
ground_truth_input,train,14.0,15.0,3,lower_mid,4,4,3.9886,0.0114,0.0
ground_truth_input,train,14.0,15.0,4,near,4,4,3.9412,0.0588,0.0
ground_truth_input,train,15.0,16.0,0,far,1,1,1.1626,0.1626,0.0
ground_truth_input,train,15.0,16.0,1,upper_mid,4,4,4.2119,0.2119,0.0
ground_truth_input,train,15.0,16.0,2,middle,2,2,1.6307,0.3693,0.0
ground_truth_input,train,15.0,16.0,3,lower_mid,4,7,4.0511,2.9489,3.0
ground_truth_input,train,15.0,16.0,4,near,4,2,3.9565,1.9565,2.0
ground_truth_input,train,16.0,17.0,0,far,1,1,1.3566,0.3566,0.0
ground_truth_input,train,16.0,17.0,1,upper_mid,4,4,3.7629,0.2371,0.0
ground_truth_input,train,16.0,17.0,2,middle,2,2,2.5627,0.5627,0.0
ground_truth_input,train,16.0,17.0,3,lower_mid,7,8,6.9711,1.0289,1.0
ground_truth_input,train,16.0,17.0,4,near,2,2,1.9341,0.0659,0.0
ground_truth_input,train,17.0,18.0,0,far,1,5,1.3408,3.6592,4.0
ground_truth_input,train,17.0,18.0,1,upper_mid,4,3,3.6603,0.6603,1.0
ground_truth_input,train,17.0,18.0,2,middle,2,2,2.8401,0.8401,0.0
ground_truth_input,train,17.0,18.0,3,lower_mid,8,9,7.1354,1.8646,1.0
ground_truth_input,train,17.0,18.0,4,near,2,1,2.6209,1.6209,1.0
ground_truth_input,train,18.0,19.0,0,far,5,4,5.0755,1.0755,1.0
ground_truth_input,train,18.0,19.0,1,upper_mid,3,4,2.8126,1.1874,1.0
ground_truth_input,train,18.0,19.0,2,middle,2,5,2.8938,2.1062,3.0
ground_truth_input,train,18.0,19.0,3,lower_mid,9,6,8.0015,2.0015,3.0
ground_truth_input,train,18.0,19.0,4,near,1,1,1.7255,0.7255,0.0
ground_truth_input,train,19.0,20.0,0,far,4,4,3.4368,0.5632,0.0
ground_truth_input,train,19.0,20.0,1,upper_mid,4,4,4.1382,0.1382,0.0
ground_truth_input,train,19.0,20.0,2,middle,5,9,5.9885,3.0115,4.0
ground_truth_input,train,19.0,20.0,3,lower_mid,6,1,4.8319,3.8319,5.0
ground_truth_input,train,19.0,20.0,4,near,1,2,1.9082,0.0918,1.0
ground_truth_input,train,20.0,21.0,0,far,4,4,3.5946,0.4054,0.0
ground_truth_input,train,20.0,21.0,1,upper_mid,4,5,4.2639,0.7361,1.0
ground_truth_input,train,20.0,21.0,2,middle,9,10,9.4284,0.5716,1.0
ground_truth_input,train,20.0,21.0,3,lower_mid,1,0,0.4929,0.4929,1.0
ground_truth_input,train,20.0,21.0,4,near,2,2,2.457,0.457,0.0
ground_truth_input,train,21.0,22.0,0,far,4,3,3.4051,0.4051,1.0
ground_truth_input,train,21.0,22.0,1,upper_mid,5,4,5.7973,1.7973,1.0
ground_truth_input,train,21.0,22.0,2,middle,10,10,8.7515,1.2485,0.0
ground_truth_input,train,21.0,22.0,3,lower_mid,0,0,0.4894,0.4894,0.0
ground_truth_input,train,21.0,22.0,4,near,2,2,1.9408,0.0592,0.0
ground_truth_input,train,22.0,23.0,0,far,3,2,2.372,0.372,1.0
ground_truth_input,train,22.0,23.0,1,upper_mid,4,6,4.7383,1.2617,2.0
ground_truth_input,train,22.0,23.0,2,middle,10,9,8.6088,0.3912,1.0
ground_truth_input,train,22.0,23.0,3,lower_mid,0,0,0.5517,0.5517,0.0
ground_truth_input,train,22.0,23.0,4,near,2,1,1.8399,0.8399,1.0
ground_truth_input,train,23.0,24.0,0,far,2,2,1.7166,0.2834,0.0
ground_truth_input,train,23.0,24.0,1,upper_mid,6,10,6.7468,3.2532,4.0
ground_truth_input,train,23.0,24.0,2,middle,9,5,7.6176,2.6176,4.0
ground_truth_input,train,23.0,24.0,3,lower_mid,0,0,0.5438,0.5438,0.0
ground_truth_input,train,23.0,24.0,4,near,1,1,0.8644,0.1356,0.0
ground_truth_input,train,24.0,25.0,0,far,2,3,2.5033,0.4967,1.0
ground_truth_input,train,24.0,25.0,1,upper_mid,10,13,10.2221,2.7779,3.0
ground_truth_input,train,24.0,25.0,2,middle,5,2,3.7989,1.7989,3.0
ground_truth_input,train,24.0,25.0,3,lower_mid,0,1,0.4993,0.5007,1.0
ground_truth_input,train,24.0,25.0,4,near,1,1,0.9507,0.0493,0.0
ground_truth_input,train,25.0,26.0,0,far,3,2,3.7252,1.7252,1.0
ground_truth_input,train,25.0,26.0,1,upper_mid,13,14,12.2521,1.7479,1.0
ground_truth_input,train,25.0,26.0,2,middle,2,2,1.7372,0.2628,0.0
ground_truth_input,train,25.0,26.0,3,lower_mid,1,1,1.3825,0.3825,0.0
ground_truth_input,train,25.0,26.0,4,near,1,1,0.9497,0.0503,0.0
ground_truth_input,train,26.0,27.0,0,far,2,3,2.8279,0.1721,1.0
ground_truth_input,train,26.0,27.0,1,upper_mid,14,12,12.6697,0.6697,2.0
ground_truth_input,train,26.0,27.0,2,middle,2,3,2.9551,0.0449,1.0
ground_truth_input,train,26.0,27.0,3,lower_mid,1,1,1.0521,0.0521,0.0
ground_truth_input,train,26.0,27.0,4,near,1,1,0.9893,0.0107,0.0
ground_truth_input,train,27.0,28.0,0,far,3,1,3.648,2.648,2.0
ground_truth_input,train,27.0,28.0,1,upper_mid,12,13,10.6541,2.3459,1.0
ground_truth_input,train,27.0,28.0,2,middle,3,2,3.9328,1.9328,1.0
ground_truth_input,train,27.0,28.0,3,lower_mid,1,1,1.0437,0.0437,0.0
ground_truth_input,train,27.0,28.0,4,near,1,1,0.9989,0.0011,0.0
ground_truth_input,train,28.0,29.0,0,far,1,5,1.9445,3.0555,4.0
ground_truth_input,train,28.0,29.0,1,upper_mid,13,5,11.673,6.673,8.0
ground_truth_input,train,28.0,29.0,2,middle,2,7,2.7833,4.2167,5.0
ground_truth_input,train,28.0,29.0,3,lower_mid,1,1,1.0714,0.0714,0.0
ground_truth_input,train,28.0,29.0,4,near,1,0,1.0025,1.0025,1.0
ground_truth_input,train,29.0,30.0,0,far,5,5,4.8958,0.1042,0.0
ground_truth_input,train,29.0,30.0,1,upper_mid,5,5,4.1946,0.8054,0.0
ground_truth_input,train,29.0,30.0,2,middle,7,5,7.4228,2.4228,2.0
ground_truth_input,train,29.0,30.0,3,lower_mid,1,3,1.411,1.589,2.0
ground_truth_input,train,29.0,30.0,4,near,0,0,0.0,0.0,0.0
ground_truth_input,train,30.0,31.0,0,far,5,5,4.5967,0.4033,0.0
ground_truth_input,train,30.0,31.0,1,upper_mid,5,4,5.4864,1.4864,1.0
ground_truth_input,train,30.0,31.0,2,middle,5,5,3.9016,1.0984,0.0
ground_truth_input,train,30.0,31.0,3,lower_mid,3,3,3.5052,0.5052,0.0
ground_truth_input,train,30.0,31.0,4,near,0,0,0.0173,0.0173,0.0
ground_truth_input,train,31.0,32.0,0,far,5,7,4.588,2.412,2.0
ground_truth_input,train,31.0,32.0,1,upper_mid,4,3,4.2914,1.2914,1.0
ground_truth_input,train,31.0,32.0,2,middle,5,4,4.3805,0.3805,1.0
ground_truth_input,train,31.0,32.0,3,lower_mid,3,4,3.3096,0.6904,1.0
ground_truth_input,train,31.0,32.0,4,near,0,0,0.0731,0.0731,0.0
ground_truth_input,train,32.0,33.0,0,far,7,7,6.2832,0.7168,0.0
ground_truth_input,train,32.0,33.0,1,upper_mid,3,0,3.5172,3.5172,3.0
ground_truth_input,train,32.0,33.0,2,middle,4,4,3.3843,0.6157,0.0
ground_truth_input,train,32.0,33.0,3,lower_mid,4,4,4.1981,0.1981,0.0
ground_truth_input,train,32.0,33.0,4,near,0,0,0.1144,0.1144,0.0
ground_truth_input,train,33.0,34.0,0,far,7,7,6.1013,0.8987,0.0
ground_truth_input,train,33.0,34.0,1,upper_mid,0,0,0.6469,0.6469,0.0
ground_truth_input,train,33.0,34.0,2,middle,4,3,3.5363,0.5363,1.0
ground_truth_input,train,33.0,34.0,3,lower_mid,4,5,4.0805,0.9195,1.0
ground_truth_input,train,33.0,34.0,4,near,0,0,0.1549,0.1549,0.0
ground_truth_input,train,34.0,35.0,0,far,7,4,5.8613,1.8613,3.0
ground_truth_input,train,34.0,35.0,1,upper_mid,0,2,0.9489,1.0511,2.0
ground_truth_input,train,34.0,35.0,2,middle,3,2,2.2116,0.2116,1.0
ground_truth_input,train,34.0,35.0,3,lower_mid,5,4,5.0047,1.0047,1.0
ground_truth_input,train,34.0,35.0,4,near,0,2,0.1965,1.8035,2.0
ground_truth_input,train,35.0,36.0,0,far,4,3,3.0044,0.0044,1.0
ground_truth_input,train,35.0,36.0,1,upper_mid,2,2,2.8807,0.8807,0.0
ground_truth_input,train,35.0,36.0,2,middle,2,2,1.6602,0.3398,0.0
ground_truth_input,train,35.0,36.0,3,lower_mid,4,3,3.6751,0.6751,1.0
ground_truth_input,train,35.0,36.0,4,near,2,3,2.3575,0.6425,1.0
ground_truth_input,train,36.0,37.0,0,far,3,2,2.3532,0.3532,1.0
ground_truth_input,train,36.0,37.0,1,upper_mid,2,3,2.3946,0.6054,1.0
ground_truth_input,train,36.0,37.0,2,middle,2,0,2.2285,2.2285,2.0
ground_truth_input,train,36.0,37.0,3,lower_mid,3,4,2.7426,1.2574,1.0
ground_truth_input,train,36.0,37.0,4,near,3,4,3.1562,0.8438,1.0
ground_truth_input,train,37.0,38.0,0,far,2,0,1.5734,1.5734,2.0
ground_truth_input,train,37.0,38.0,1,upper_mid,3,3,3.2666,0.2666,0.0
ground_truth_input,train,37.0,38.0,2,middle,0,0,0.3019,0.3019,0.0
ground_truth_input,train,37.0,38.0,3,lower_mid,4,4,4.1925,0.1925,0.0
ground_truth_input,train,37.0,38.0,4,near,4,3,3.9704,0.9704,1.0
ground_truth_input,train,38.0,39.0,0,far,0,0,0.3807,0.3807,0.0
ground_truth_input,train,38.0,39.0,1,upper_mid,3,1,2.5693,1.5693,2.0
ground_truth_input,train,38.0,39.0,2,middle,0,2,0.6243,1.3757,2.0
ground_truth_input,train,38.0,39.0,3,lower_mid,4,4,4.0203,0.0203,0.0
ground_truth_input,train,38.0,39.0,4,near,3,3,2.946,0.054,0.0
ground_truth_input,train,39.0,40.0,0,far,0,1,0.3386,0.6614,1.0
ground_truth_input,train,39.0,40.0,1,upper_mid,1,1,0.6664,0.3336,0.0
ground_truth_input,train,39.0,40.0,2,middle,2,3,2.8649,0.1351,1.0
ground_truth_input,train,39.0,40.0,3,lower_mid,4,3,3.6661,0.6661,1.0
ground_truth_input,train,39.0,40.0,4,near,3,1,3.0899,2.0899,2.0
ground_truth_input,train,40.0,41.0,0,far,1,1,0.8794,0.1206,0.0
ground_truth_input,train,40.0,41.0,1,upper_mid,1,1,1.3642,0.3642,0.0
ground_truth_input,train,40.0,41.0,2,middle,3,3,3.2902,0.2902,0.0
ground_truth_input,train,40.0,41.0,3,lower_mid,3,2,2.7059,0.7059,1.0
ground_truth_input,train,40.0,41.0,4,near,1,2,1.156,0.844,1.0
ground_truth_input,train,41.0,42.0,0,far,1,1,0.6389,0.3611,0.0
ground_truth_input,train,41.0,42.0,1,upper_mid,1,1,1.5325,0.5325,0.0
ground_truth_input,train,41.0,42.0,2,middle,3,3,2.7534,0.2466,0.0
ground_truth_input,train,41.0,42.0,3,lower_mid,2,2,1.9749,0.0251,0.0
ground_truth_input,train,41.0,42.0,4,near,2,2,2.138,0.138,0.0
ground_truth_input,train,42.0,43.0,0,far,1,1,0.6404,0.3596,0.0
ground_truth_input,train,42.0,43.0,1,upper_mid,1,2,1.5488,0.4512,1.0
ground_truth_input,train,42.0,43.0,2,middle,3,0,2.6446,2.6446,3.0
ground_truth_input,train,42.0,43.0,3,lower_mid,2,4,2.2233,1.7767,2.0
ground_truth_input,train,42.0,43.0,4,near,2,2,1.9866,0.0134,0.0
ground_truth_input,train,43.0,44.0,0,far,1,1,0.7715,0.2285,0.0
ground_truth_input,train,43.0,44.0,1,upper_mid,2,4,2.394,1.606,2.0
ground_truth_input,train,43.0,44.0,2,middle,0,3,0.1137,2.8863,3.0
ground_truth_input,train,43.0,44.0,3,lower_mid,4,2,4.2209,2.2209,2.0
ground_truth_input,train,43.0,44.0,4,near,2,4,1.9912,2.0088,2.0
ground_truth_input,train,44.0,45.0,0,far,1,2,1.1436,0.8564,1.0
ground_truth_input,train,44.0,45.0,1,upper_mid,4,3,3.8865,0.8865,1.0
ground_truth_input,train,44.0,45.0,2,middle,3,4,3.7786,0.2214,1.0
ground_truth_input,train,44.0,45.0,3,lower_mid,2,2,1.8179,0.1821,0.0
ground_truth_input,train,44.0,45.0,4,near,4,4,4.0244,0.0244,0.0
ground_truth_input,train,45.0,46.0,0,far,2,3,2.1079,0.8921,1.0
ground_truth_input,train,45.0,46.0,1,upper_mid,3,3,3.0175,0.0175,0.0
ground_truth_input,train,45.0,46.0,2,middle,4,5,4.0855,0.9145,1.0
ground_truth_input,train,45.0,46.0,3,lower_mid,2,2,2.2743,0.2743,0.0
ground_truth_input,train,45.0,46.0,4,near,4,5,3.8695,1.1305,1.0
ground_truth_input,train,46.0,47.0,0,far,3,3,2.7062,0.2938,0.0
ground_truth_input,train,46.0,47.0,1,upper_mid,3,3,3.3767,0.3767,0.0
ground_truth_input,train,46.0,47.0,2,middle,5,4,4.7365,0.7365,1.0
ground_truth_input,train,46.0,47.0,3,lower_mid,2,3,2.282,0.718,1.0
ground_truth_input,train,46.0,47.0,4,near,5,4,4.9226,0.9226,1.0
ground_truth_input,train,47.0,48.0,0,far,3,2,2.5429,0.5429,1.0
ground_truth_input,train,47.0,48.0,1,upper_mid,3,4,3.5005,0.4995,1.0
ground_truth_input,train,47.0,48.0,2,middle,4,3,3.3628,0.3628,1.0
ground_truth_input,train,47.0,48.0,3,lower_mid,3,7,3.3567,3.6433,4.0
ground_truth_input,train,47.0,48.0,4,near,4,3,3.7904,0.7904,1.0
ground_truth_input,train,48.0,49.0,0,far,2,1,1.6418,0.6418,1.0
ground_truth_input,train,48.0,49.0,1,upper_mid,4,6,4.4107,1.5893,2.0
ground_truth_input,train,48.0,49.0,2,middle,3,3,2.6674,0.3326,0.0
ground_truth_input,train,48.0,49.0,3,lower_mid,7,7,7.2198,0.2198,0.0
ground_truth_input,train,48.0,49.0,4,near,3,3,2.916,0.084,0.0
ground_truth_input,train,49.0,50.0,0,far,1,0,1.3296,1.3296,1.0
ground_truth_input,train,49.0,50.0,1,upper_mid,6,5,5.6823,0.6823,1.0
ground_truth_input,train,49.0,50.0,2,middle,3,6,3.7043,2.2957,3.0
ground_truth_input,train,49.0,50.0,3,lower_mid,7,7,6.3042,0.6958,0.0
ground_truth_input,train,49.0,50.0,4,near,3,1,3.4506,2.4506,2.0
ground_truth_input,train,50.0,51.0,0,far,0,0,0.5705,0.5705,0.0
ground_truth_input,train,50.0,51.0,1,upper_mid,5,5,4.2711,0.7289,0.0
ground_truth_input,train,50.0,51.0,2,middle,6,8,6.9753,1.0247,2.0
ground_truth_input,train,50.0,51.0,3,lower_mid,7,7,6.3635,0.6365,0.0
ground_truth_input,train,50.0,51.0,4,near,1,2,1.3777,0.6223,1.0
ground_truth_input,train,51.0,52.0,0,far,0,0,0.569,0.569,0.0
ground_truth_input,train,51.0,52.0,1,upper_mid,5,4,4.5933,0.5933,1.0
ground_truth_input,train,51.0,52.0,2,middle,8,11,7.9699,3.0301,3.0
ground_truth_input,train,51.0,52.0,3,lower_mid,7,4,6.2604,2.2604,3.0
ground_truth_input,train,51.0,52.0,4,near,2,2,2.666,0.666,0.0
ground_truth_input,train,52.0,53.0,0,far,0,0,0.426,0.426,0.0
ground_truth_input,train,52.0,53.0,1,upper_mid,4,3,3.8504,0.8504,1.0
ground_truth_input,train,52.0,53.0,2,middle,11,13,10.2759,2.7241,2.0
ground_truth_input,train,52.0,53.0,3,lower_mid,4,4,3.5958,0.4042,0.0
ground_truth_input,train,52.0,53.0,4,near,2,2,2.3767,0.3767,0.0
ground_truth_input,train,53.0,54.0,0,far,0,0,0.278,0.278,0.0
ground_truth_input,train,53.0,54.0,1,upper_mid,3,2,3.2968,1.2968,1.0
ground_truth_input,train,53.0,54.0,2,middle,13,14,11.7305,2.2695,1.0
ground_truth_input,train,53.0,54.0,3,lower_mid,4,4,4.156,0.156,0.0
ground_truth_input,train,53.0,54.0,4,near,2,2,2.0861,0.0861,0.0
ground_truth_input,train,54.0,55.0,0,far,0,1,0.106,0.894,1.0
ground_truth_input,train,54.0,55.0,1,upper_mid,2,4,2.6623,1.3377,2.0
ground_truth_input,train,54.0,55.0,2,middle,14,11,12.4492,1.4492,3.0
ground_truth_input,train,54.0,55.0,3,lower_mid,4,3,4.2728,1.2728,1.0
ground_truth_input,train,54.0,55.0,4,near,2,4,2.0575,1.9425,2.0
ground_truth_input,train,55.0,56.0,0,far,1,2,0.8804,1.1196,1.0
ground_truth_input,train,55.0,56.0,1,upper_mid,4,7,4.9744,2.0256,3.0
ground_truth_input,train,55.0,56.0,2,middle,11,9,9.3717,0.3717,2.0
ground_truth_input,train,55.0,56.0,3,lower_mid,3,4,3.3647,0.6353,1.0
ground_truth_input,train,55.0,56.0,4,near,4,4,4.0091,0.0091,0.0
ground_truth_input,train,56.0,57.0,0,far,2,3,2.1803,0.8197,1.0
ground_truth_input,train,56.0,57.0,1,upper_mid,7,6,7.6807,1.6807,1.0
ground_truth_input,train,56.0,57.0,2,middle,9,8,7.5725,0.4275,1.0
ground_truth_input,train,56.0,57.0,3,lower_mid,4,5,4.4983,0.5017,1.0
ground_truth_input,train,56.0,57.0,4,near,4,5,3.8359,1.1641,1.0
ground_truth_input,train,57.0,58.0,0,far,3,5,3.4146,1.5854,2.0
ground_truth_input,train,57.0,58.0,1,upper_mid,6,6,5.8796,0.1204,0.0
ground_truth_input,train,57.0,58.0,2,middle,8,7,6.9681,0.0319,1.0
ground_truth_input,train,57.0,58.0,3,lower_mid,5,4,5.2492,1.2492,1.0
ground_truth_input,train,57.0,58.0,4,near,5,5,4.9264,0.0736,0.0
ground_truth_input,train,58.0,59.0,0,far,5,4,4.9629,0.9629,1.0
ground_truth_input,train,58.0,59.0,1,upper_mid,6,9,6.2433,2.7567,3.0
ground_truth_input,train,58.0,59.0,2,middle,7,4,5.9983,1.9983,3.0
ground_truth_input,train,58.0,59.0,3,lower_mid,4,3,4.1838,1.1838,1.0
ground_truth_input,train,58.0,59.0,4,near,5,5,4.8938,0.1062,0.0
ground_truth_input,train,59.0,60.0,0,far,4,4,3.7977,0.2023,0.0
ground_truth_input,train,59.0,60.0,1,upper_mid,9,11,9.4612,1.5388,2.0
ground_truth_input,train,59.0,60.0,2,middle,4,2,3.0418,1.0418,2.0
ground_truth_input,train,59.0,60.0,3,lower_mid,3,3,3.3225,0.3225,0.0
ground_truth_input,train,59.0,60.0,4,near,5,5,4.8308,0.1692,0.0
ground_truth_input,train,60.0,61.0,0,far,4,7,4.6454,2.3546,3.0
ground_truth_input,train,60.0,61.0,1,upper_mid,11,10,10.3058,0.3058,1.0
ground_truth_input,train,60.0,61.0,2,middle,2,0,1.9975,1.9975,2.0
ground_truth_input,train,60.0,61.0,3,lower_mid,3,3,3.2507,0.2507,0.0
ground_truth_input,train,60.0,61.0,4,near,5,4,4.7925,0.7925,1.0
ground_truth_input,train,61.0,62.0,0,far,7,6,7.1361,1.1361,1.0
ground_truth_input,train,61.0,62.0,1,upper_mid,10,11,9.2315,1.7685,1.0
ground_truth_input,train,61.0,62.0,2,middle,0,1,0.6706,0.3294,1.0
ground_truth_input,train,61.0,62.0,3,lower_mid,3,5,3.157,1.843,2.0
ground_truth_input,train,61.0,62.0,4,near,4,5,3.8508,1.1492,1.0
ground_truth_input,train,62.0,63.0,0,far,6,6,6.3655,0.3655,0.0
ground_truth_input,train,62.0,63.0,1,upper_mid,11,9,9.9098,0.9098,2.0
ground_truth_input,train,62.0,63.0,2,middle,1,4,2.2174,1.7826,3.0
ground_truth_input,train,62.0,63.0,3,lower_mid,5,3,4.6904,1.6904,2.0
ground_truth_input,train,62.0,63.0,4,near,5,2,4.9735,2.9735,3.0
ground_truth_input,train,63.0,64.0,0,far,6,7,6.1395,0.8605,1.0
ground_truth_input,train,63.0,64.0,1,upper_mid,9,8,7.9573,0.0427,1.0
ground_truth_input,train,63.0,64.0,2,middle,4,5,5.3368,0.3368,1.0
ground_truth_input,train,63.0,64.0,3,lower_mid,3,3,2.4436,0.5564,0.0
ground_truth_input,train,63.0,64.0,4,near,2,1,2.1146,1.1146,1.0
ground_truth_input,train,64.0,65.0,0,far,7,7,7.0463,0.0463,0.0
ground_truth_input,train,64.0,65.0,1,upper_mid,8,5,7.4507,2.4507,3.0
ground_truth_input,train,64.0,65.0,2,middle,5,7,5.4365,1.5635,2.0
ground_truth_input,train,64.0,65.0,3,lower_mid,3,1,2.8532,1.8532,2.0
ground_truth_input,train,64.0,65.0,4,near,1,1,1.0742,0.0742,0.0
ground_truth_input,train,65.0,66.0,0,far,7,6,6.6378,0.6378,1.0
ground_truth_input,train,65.0,66.0,1,upper_mid,5,4,4.725,0.725,1.0
ground_truth_input,train,65.0,66.0,2,middle,7,7,7.2334,0.2334,0.0
ground_truth_input,train,65.0,66.0,3,lower_mid,1,2,0.9595,1.0405,1.0
ground_truth_input,train,65.0,66.0,4,near,1,0,1.1092,1.1092,1.0
ground_truth_input,train,66.0,67.0,0,far,6,8,5.3206,2.6794,2.0
ground_truth_input,train,66.0,67.0,1,upper_mid,4,2,4.4571,2.4571,2.0
ground_truth_input,train,66.0,67.0,2,middle,7,7,6.0304,0.9696,0.0
ground_truth_input,train,66.0,67.0,3,lower_mid,2,2,2.5137,0.5137,0.0
ground_truth_input,train,66.0,67.0,4,near,0,0,0.0,0.0,0.0
ground_truth_input,train,67.0,68.0,0,far,8,7,7.2324,0.2324,1.0
ground_truth_input,train,67.0,68.0,1,upper_mid,2,3,2.7384,0.2616,1.0
ground_truth_input,train,67.0,68.0,2,middle,7,6,5.9754,0.0246,1.0
ground_truth_input,train,67.0,68.0,3,lower_mid,2,2,2.4116,0.4116,0.0
ground_truth_input,train,67.0,68.0,4,near,0,0,0.0487,0.0487,0.0
ground_truth_input,train,68.0,69.0,0,far,7,8,5.9077,2.0923,1.0
ground_truth_input,train,68.0,69.0,1,upper_mid,3,4,4.0841,0.0841,1.0
ground_truth_input,train,68.0,69.0,2,middle,6,4,4.7713,0.7713,2.0
ground_truth_input,train,68.0,69.0,3,lower_mid,2,5,2.5096,2.4904,3.0
ground_truth_input,train,68.0,69.0,4,near,0,0,0.0245,0.0245,0.0
ground_truth_input,train,69.0,70.0,0,far,8,4,7.1331,3.1331,4.0
ground_truth_input,train,69.0,70.0,1,upper_mid,4,6,4.8893,1.1107,2.0
ground_truth_input,train,69.0,70.0,2,middle,4,2,3.0786,1.0786,2.0
ground_truth_input,train,69.0,70.0,3,lower_mid,5,6,5.2403,0.7597,1.0
ground_truth_input,train,69.0,70.0,4,near,0,2,0.1264,1.8736,2.0
ground_truth_input,train,70.0,71.0,0,far,4,4,3.3583,0.6417,0.0
ground_truth_input,train,70.0,71.0,1,upper_mid,6,6,6.3741,0.3741,0.0
ground_truth_input,train,70.0,71.0,2,middle,2,1,1.9289,0.9289,1.0
ground_truth_input,train,70.0,71.0,3,lower_mid,6,5,5.5282,0.5282,1.0
ground_truth_input,train,70.0,71.0,4,near,2,3,2.4488,0.5512,1.0
ground_truth_input,train,71.0,72.0,0,far,4,2,4.2336,2.2336,2.0
ground_truth_input,train,71.0,72.0,1,upper_mid,6,6,5.3436,0.6564,0.0
ground_truth_input,train,71.0,72.0,2,middle,1,2,1.9385,0.0615,1.0
ground_truth_input,train,71.0,72.0,3,lower_mid,5,6,4.2768,1.7232,1.0
ground_truth_input,train,71.0,72.0,4,near,3,4,3.3784,0.6216,1.0
ground_truth_input,train,72.0,73.0,0,far,2,2,2.2436,0.2436,0.0
ground_truth_input,train,72.0,73.0,1,upper_mid,6,6,5.3035,0.6965,0.0
ground_truth_input,train,72.0,73.0,2,middle,2,3,3.164,0.164,1.0
ground_truth_input,train,72.0,73.0,3,lower_mid,6,4,5.2448,1.2448,2.0
ground_truth_input,train,72.0,73.0,4,near,4,5,4.3949,0.6051,1.0
ground_truth_input,train,73.0,74.0,0,far,2,5,2.4282,2.5718,3.0
ground_truth_input,train,73.0,74.0,1,upper_mid,6,2,5.3885,3.3885,4.0
ground_truth_input,train,73.0,74.0,2,middle,3,5,3.989,1.011,2.0
ground_truth_input,train,73.0,74.0,3,lower_mid,4,3,3.4577,0.4577,1.0
ground_truth_input,train,73.0,74.0,4,near,5,4,5.2265,1.2265,1.0
ground_truth_input,validation,74.0,75.0,0,far,5,4,4.7031,0.7031,1.0
ground_truth_input,validation,74.0,75.0,1,upper_mid,2,2,1.9545,0.0455,0.0
ground_truth_input,validation,74.0,75.0,2,middle,5,6,5.3332,0.6668,1.0
ground_truth_input,validation,74.0,75.0,3,lower_mid,3,2,2.9139,0.9139,1.0
ground_truth_input,validation,74.0,75.0,4,near,4,4,3.9067,0.0933,0.0
ground_truth_input,validation,75.0,76.0,0,far,4,3,3.1954,0.1954,1.0
ground_truth_input,validation,75.0,76.0,1,upper_mid,2,1,2.7774,1.7774,1.0
ground_truth_input,validation,75.0,76.0,2,middle,6,8,5.3331,2.6669,2.0
ground_truth_input,validation,75.0,76.0,3,lower_mid,2,2,2.3103,0.3103,0.0
ground_truth_input,validation,75.0,76.0,4,near,4,2,3.8997,1.8997,2.0
ground_truth_input,validation,76.0,77.0,0,far,3,3,2.225,0.775,0.0
ground_truth_input,validation,76.0,77.0,1,upper_mid,1,4,1.815,2.185,3.0
ground_truth_input,validation,76.0,77.0,2,middle,8,5,7.1628,2.1628,3.0
ground_truth_input,validation,76.0,77.0,3,lower_mid,2,2,2.4409,0.4409,0.0
ground_truth_input,validation,76.0,77.0,4,near,2,0,1.8322,1.8322,2.0
ground_truth_input,validation,77.0,78.0,0,far,3,1,2.4254,1.4254,2.0
ground_truth_input,validation,77.0,78.0,1,upper_mid,4,4,4.9823,0.9823,0.0
ground_truth_input,validation,77.0,78.0,2,middle,5,7,3.7143,3.2857,2.0
ground_truth_input,validation,77.0,78.0,3,lower_mid,2,2,2.441,0.441,0.0
ground_truth_input,validation,77.0,78.0,4,near,0,0,0.0162,0.0162,0.0
ground_truth_input,validation,78.0,79.0,0,far,1,0,0.7222,0.7222,1.0
ground_truth_input,validation,78.0,79.0,1,upper_mid,4,5,4.3542,0.6458,1.0
ground_truth_input,validation,78.0,79.0,2,middle,7,7,6.239,0.761,0.0
ground_truth_input,validation,78.0,79.0,3,lower_mid,2,2,2.4141,0.4141,0.0
ground_truth_input,validation,78.0,79.0,4,near,0,1,0.0264,0.9736,1.0
ground_truth_input,validation,79.0,80.0,0,far,0,0,0.5336,0.5336,0.0
ground_truth_input,validation,79.0,80.0,1,upper_mid,5,6,4.9365,1.0635,1.0
ground_truth_input,validation,79.0,80.0,2,middle,7,4,6.1603,2.1603,3.0
ground_truth_input,validation,79.0,80.0,3,lower_mid,2,3,2.2823,0.7177,1.0
ground_truth_input,validation,79.0,80.0,4,near,1,1,1.0449,0.0449,0.0
ground_truth_input,validation,80.0,81.0,0,far,0,1,0.7225,0.2775,1.0
ground_truth_input,validation,80.0,81.0,1,upper_mid,6,5,5.7264,0.7264,1.0
ground_truth_input,validation,80.0,81.0,2,middle,4,4,2.9808,1.0192,0.0
ground_truth_input,validation,80.0,81.0,3,lower_mid,3,3,3.3775,0.3775,0.0
ground_truth_input,validation,80.0,81.0,4,near,1,0,1.0157,1.0157,1.0
ground_truth_input,validation,81.0,82.0,0,far,1,4,1.6178,2.3822,3.0
ground_truth_input,validation,81.0,82.0,1,upper_mid,5,3,4.54,1.54,2.0
ground_truth_input,validation,81.0,82.0,2,middle,4,5,4.017,0.983,1.0
ground_truth_input,validation,81.0,82.0,3,lower_mid,3,2,3.2342,1.2342,1.0
ground_truth_input,validation,81.0,82.0,4,near,0,0,0.045,0.045,0.0
ground_truth_input,validation,82.0,83.0,0,far,4,7,4.0751,2.9249,3.0
ground_truth_input,validation,82.0,83.0,1,upper_mid,3,4,3.0001,0.9999,1.0
ground_truth_input,validation,82.0,83.0,2,middle,5,3,4.8222,1.8222,2.0
ground_truth_input,validation,82.0,83.0,3,lower_mid,2,2,2.2656,0.2656,0.0
ground_truth_input,validation,82.0,83.0,4,near,0,0,0.0712,0.0712,0.0
ground_truth_input,validation,83.0,84.0,0,far,7,5,6.3957,1.3957,2.0
ground_truth_input,validation,83.0,84.0,1,upper_mid,4,5,4.6976,0.3024,1.0
ground_truth_input,validation,83.0,84.0,2,middle,3,2,2.201,0.201,1.0
ground_truth_input,validation,83.0,84.0,3,lower_mid,2,2,2.3369,0.3369,0.0
ground_truth_input,validation,83.0,84.0,4,near,0,0,0.0746,0.0746,0.0
ground_truth_input,validation,84.0,85.0,0,far,5,5,4.4229,0.5771,0.0
ground_truth_input,validation,84.0,85.0,1,upper_mid,5,3,5.2927,2.2927,2.0
ground_truth_input,validation,84.0,85.0,2,middle,2,3,1.8969,1.1031,1.0
ground_truth_input,validation,84.0,85.0,3,lower_mid,2,2,2.2496,0.2496,0.0
ground_truth_input,validation,84.0,85.0,4,near,0,0,0.0701,0.0701,0.0
ground_truth_input,validation,85.0,86.0,0,far,5,3,4.5762,1.5762,2.0
ground_truth_input,validation,85.0,86.0,1,upper_mid,3,5,2.9428,2.0572,2.0
ground_truth_input,validation,85.0,86.0,2,middle,3,3,3.455,0.455,0.0
ground_truth_input,validation,85.0,86.0,3,lower_mid,2,1,2.2072,1.2072,1.0
ground_truth_input,validation,85.0,86.0,4,near,0,2,0.061,1.939,2.0
ground_truth_input,validation,86.0,87.0,0,far,3,2,2.4771,0.4771,1.0
ground_truth_input,validation,86.0,87.0,1,upper_mid,5,7,5.4998,1.5002,2.0
ground_truth_input,validation,86.0,87.0,2,middle,3,2,2.5682,0.5682,1.0
ground_truth_input,validation,86.0,87.0,3,lower_mid,1,2,1.3393,0.6607,1.0
ground_truth_input,validation,86.0,87.0,4,near,2,1,1.9911,0.9911,1.0
ground_truth_input,validation,87.0,88.0,0,far,2,2,2.1475,0.1475,0.0
ground_truth_input,validation,87.0,88.0,1,upper_mid,7,6,6.9618,0.9618,1.0
ground_truth_input,validation,87.0,88.0,2,middle,2,2,2.0025,0.0025,0.0
ground_truth_input,validation,87.0,88.0,3,lower_mid,2,2,2.2974,0.2974,0.0
ground_truth_input,validation,87.0,88.0,4,near,1,2,0.9627,1.0373,1.0
ground_truth_input,validation,88.0,89.0,0,far,2,3,2.5722,0.4278,1.0
ground_truth_input,validation,88.0,89.0,1,upper_mid,6,5,5.2506,0.2506,1.0
ground_truth_input,validation,88.0,89.0,2,middle,2,2,2.6507,0.6507,0.0
ground_truth_input,validation,88.0,89.0,3,lower_mid,2,1,2.0393,1.0393,1.0
ground_truth_input,validation,88.0,89.0,4,near,2,3,2.0109,0.9891,1.0
ground_truth_input,validation,89.0,90.0,0,far,3,4,3.3879,0.6121,1.0
ground_truth_input,validation,89.0,90.0,1,upper_mid,5,4,4.5109,0.5109,1.0
ground_truth_input,validation,89.0,90.0,2,middle,2,2,2.5151,0.5151,0.0
ground_truth_input,validation,89.0,90.0,3,lower_mid,1,2,1.1011,0.8989,1.0
ground_truth_input,validation,89.0,90.0,4,near,3,2,2.9939,0.9939,1.0
ground_truth_input,validation,90.0,91.0,0,far,4,4,4.0196,0.0196,0.0
ground_truth_input,validation,90.0,91.0,1,upper_mid,4,4,3.8007,0.1993,0.0
ground_truth_input,validation,90.0,91.0,2,middle,2,2,2.4245,0.4245,0.0
ground_truth_input,validation,90.0,91.0,3,lower_mid,2,3,2.2193,0.7807,1.0
ground_truth_input,validation,90.0,91.0,4,near,2,3,1.9297,1.0703,1.0
ground_truth_input,validation,91.0,92.0,0,far,4,5,3.6076,1.3924,1.0
ground_truth_input,validation,91.0,92.0,1,upper_mid,4,2,4.0573,2.0573,2.0
ground_truth_input,validation,91.0,92.0,2,middle,2,3,2.399,0.601,1.0
ground_truth_input,validation,91.0,92.0,3,lower_mid,3,3,3.0407,0.0407,0.0
ground_truth_input,validation,91.0,92.0,4,near,3,3,2.9966,0.0034,0.0
ground_truth_input,validation,92.0,93.0,0,far,5,5,4.5222,0.4778,0.0
ground_truth_input,validation,92.0,93.0,1,upper_mid,2,1,2.0934,1.0934,1.0
ground_truth_input,validation,92.0,93.0,2,middle,3,5,3.4505,1.5495,2.0
ground_truth_input,validation,92.0,93.0,3,lower_mid,3,2,2.939,0.939,1.0
ground_truth_input,validation,92.0,93.0,4,near,3,3,3.0056,0.0056,0.0
ground_truth_input,validation,93.0,94.0,0,far,5,7,4.2046,2.7954,2.0
ground_truth_input,validation,93.0,94.0,1,upper_mid,1,2,1.6253,0.3747,1.0
ground_truth_input,validation,93.0,94.0,2,middle,5,4,4.9682,0.9682,1.0
ground_truth_input,validation,93.0,94.0,3,lower_mid,2,2,2.0586,0.0586,0.0
ground_truth_input,validation,93.0,94.0,4,near,3,3,2.9936,0.0064,0.0
ground_truth_input,validation,94.0,95.0,0,far,7,5,6.0684,1.0684,2.0
ground_truth_input,validation,94.0,95.0,1,upper_mid,2,2,2.9846,0.9846,0.0
ground_truth_input,validation,94.0,95.0,2,middle,4,3,3.0441,0.0441,1.0
ground_truth_input,validation,94.0,95.0,3,lower_mid,2,2,2.4309,0.4309,0.0
ground_truth_input,validation,94.0,95.0,4,near,3,4,2.8822,1.1178,1.0
ground_truth_input,validation,95.0,96.0,0,far,5,2,4.0658,2.0658,3.0
ground_truth_input,validation,95.0,96.0,1,upper_mid,2,4,2.7861,1.2139,2.0
ground_truth_input,validation,95.0,96.0,2,middle,3,2,2.3103,0.3103,1.0
ground_truth_input,validation,95.0,96.0,3,lower_mid,2,3,2.4365,0.5635,1.0
ground_truth_input,validation,95.0,96.0,4,near,4,4,3.8696,0.1304,0.0
ground_truth_input,validation,96.0,97.0,0,far,2,4,1.3324,2.6676,2.0
ground_truth_input,validation,96.0,97.0,1,upper_mid,4,5,4.6128,0.3872,1.0
ground_truth_input,validation,96.0,97.0,2,middle,2,0,1.6682,1.6682,2.0
ground_truth_input,validation,96.0,97.0,3,lower_mid,3,4,3.3447,0.6553,1.0
ground_truth_input,validation,96.0,97.0,4,near,4,4,3.8599,0.1401,0.0
ground_truth_input,validation,97.0,98.0,0,far,4,2,4.0243,2.0243,2.0
ground_truth_input,validation,97.0,98.0,1,upper_mid,5,6,4.8666,1.1334,1.0
ground_truth_input,validation,97.0,98.0,2,middle,0,1,0.4454,0.5546,1.0
ground_truth_input,validation,97.0,98.0,3,lower_mid,4,1,4.1761,3.1761,3.0
ground_truth_input,validation,97.0,98.0,4,near,4,4,3.9288,0.0712,0.0
ground_truth_input,test,98.0,99.0,0,far,2,2,1.8505,0.1495,0.0
ground_truth_input,test,98.0,99.0,1,upper_mid,6,6,5.7684,0.2316,0.0
ground_truth_input,test,98.0,99.0,2,middle,1,1,1.8363,0.8363,0.0
ground_truth_input,test,98.0,99.0,3,lower_mid,1,1,0.9347,0.0653,0.0
ground_truth_input,test,98.0,99.0,4,near,4,4,3.9302,0.0698,0.0
ground_truth_input,test,99.0,100.0,0,far,2,2,2.4952,0.4952,0.0
ground_truth_input,test,99.0,100.0,1,upper_mid,6,7,5.3948,1.6052,1.0
ground_truth_input,test,99.0,100.0,2,middle,1,2,1.6451,0.3549,1.0
ground_truth_input,test,99.0,100.0,3,lower_mid,1,1,1.2924,0.2924,0.0
ground_truth_input,test,99.0,100.0,4,near,4,2,3.7877,1.7877,2.0
ground_truth_input,test,100.0,101.0,0,far,2,2,2.4573,0.4573,0.0
ground_truth_input,test,100.0,101.0,1,upper_mid,7,4,6.461,2.461,3.0
ground_truth_input,test,100.0,101.0,2,middle,2,4,2.5887,1.4113,2.0
ground_truth_input,test,100.0,101.0,3,lower_mid,1,0,1.2568,1.2568,1.0
ground_truth_input,test,100.0,101.0,4,near,2,3,1.8425,1.1575,1.0
ground_truth_input,test,101.0,102.0,0,far,2,2,2.2557,0.2557,0.0
ground_truth_input,test,101.0,102.0,1,upper_mid,4,2,3.414,1.414,2.0
ground_truth_input,test,101.0,102.0,2,middle,4,6,4.4516,1.5484,2.0
ground_truth_input,test,101.0,102.0,3,lower_mid,0,0,0.444,0.444,0.0
ground_truth_input,test,101.0,102.0,4,near,3,3,2.9518,0.0482,0.0
ground_truth_input,test,102.0,103.0,0,far,2,2,1.8192,0.1808,0.0
ground_truth_input,test,102.0,103.0,1,upper_mid,2,3,2.2098,0.7902,1.0
ground_truth_input,test,102.0,103.0,2,middle,6,6,5.6443,0.3557,0.0
ground_truth_input,test,102.0,103.0,3,lower_mid,0,0,0.4427,0.4427,0.0
ground_truth_input,test,102.0,103.0,4,near,3,3,2.8172,0.1828,0.0
ground_truth_input,test,103.0,104.0,0,far,2,2,1.6311,0.3689,0.0
ground_truth_input,test,103.0,104.0,1,upper_mid,3,2,3.6795,1.6795,1.0
ground_truth_input,test,103.0,104.0,2,middle,6,8,4.9888,3.0112,2.0
ground_truth_input,test,103.0,104.0,3,lower_mid,0,0,0.5118,0.5118,0.0
ground_truth_input,test,103.0,104.0,4,near,3,3,2.7831,0.2169,0.0
ground_truth_input,test,104.0,105.0,0,far,2,0,1.5797,1.5797,2.0
ground_truth_input,test,104.0,105.0,1,upper_mid,2,2,2.6684,0.6684,0.0
ground_truth_input,test,104.0,105.0,2,middle,8,7,6.987,0.013,1.0
ground_truth_input,test,104.0,105.0,3,lower_mid,0,6,0.5268,5.4732,6.0
ground_truth_input,test,104.0,105.0,4,near,3,0,2.7704,2.7704,3.0
ground_truth_input,test,105.0,106.0,0,far,0,0,0.0,0.0,0.0
ground_truth_input,test,105.0,106.0,1,upper_mid,2,2,2.7061,0.7061,0.0
ground_truth_input,test,105.0,106.0,2,middle,7,4,5.7189,1.7189,3.0
ground_truth_input,test,105.0,106.0,3,lower_mid,6,9,6.6749,2.3251,3.0
ground_truth_input,test,105.0,106.0,4,near,0,0,0.0,0.0,0.0
ground_truth_input,test,106.0,107.0,0,far,0,0,0.2394,0.2394,0.0
ground_truth_input,test,106.0,107.0,1,upper_mid,2,2,2.3538,0.3538,0.0
ground_truth_input,test,106.0,107.0,2,middle,4,2,2.9852,0.9852,2.0
ground_truth_input,test,106.0,107.0,3,lower_mid,9,12,8.8953,3.1047,3.0
ground_truth_input,test,106.0,107.0,4,near,0,0,0.3631,0.3631,0.0
ground_truth_input,test,107.0,108.0,0,far,0,1,0.304,0.696,1.0
ground_truth_input,test,107.0,108.0,1,upper_mid,2,0,1.9651,1.9651,2.0
ground_truth_input,test,107.0,108.0,2,middle,2,3,2.1408,0.8592,1.0
ground_truth_input,test,107.0,108.0,3,lower_mid,12,11,11.0682,0.0682,1.0
ground_truth_input,test,107.0,108.0,4,near,0,0,0.8311,0.8311,0.0
ground_truth_input,test,108.0,109.0,0,far,1,1,0.7712,0.2288,0.0
ground_truth_input,test,108.0,109.0,1,upper_mid,0,0,0.1017,0.1017,0.0
ground_truth_input,test,108.0,109.0,2,middle,3,3,3.6723,0.6723,0.0
ground_truth_input,test,108.0,109.0,3,lower_mid,11,6,9.6435,3.6435,5.0
ground_truth_input,test,108.0,109.0,4,near,0,5,1.0409,3.9591,5.0
ground_truth_input,test,109.0,110.0,0,far,1,1,0.4709,0.5291,0.0
ground_truth_input,test,109.0,110.0,1,upper_mid,0,0,0.4496,0.4496,0.0
ground_truth_input,test,109.0,110.0,2,middle,3,3,3.2181,0.2181,0.0
ground_truth_input,test,109.0,110.0,3,lower_mid,6,4,4.7216,0.7216,2.0
ground_truth_input,test,109.0,110.0,4,near,5,7,6.1885,0.8115,2.0
ground_truth_input,test,110.0,111.0,0,far,1,1,0.4565,0.5435,0.0
ground_truth_input,test,110.0,111.0,1,upper_mid,0,0,0.5374,0.5374,0.0
ground_truth_input,test,110.0,111.0,2,middle,3,3,2.7288,0.2712,0.0
ground_truth_input,test,110.0,111.0,3,lower_mid,4,3,3.6359,0.6359,1.0
ground_truth_input,test,110.0,111.0,4,near,7,7,7.1493,0.1493,0.0
ground_truth_input,test,111.0,112.0,0,far,1,0,0.4569,0.4569,1.0
ground_truth_input,test,111.0,112.0,1,upper_mid,0,1,0.5675,0.4325,1.0
ground_truth_input,test,111.0,112.0,2,middle,3,1,2.5432,1.5432,2.0
ground_truth_input,test,111.0,112.0,3,lower_mid,3,3,3.1147,0.1147,0.0
ground_truth_input,test,111.0,112.0,4,near,7,7,6.7484,0.2516,0.0
ground_truth_input,test,112.0,113.0,0,far,0,0,0.0297,0.0297,0.0
ground_truth_input,test,112.0,113.0,1,upper_mid,1,2,1.4019,0.5981,1.0
ground_truth_input,test,112.0,113.0,2,middle,1,0,0.5302,0.5302,1.0
ground_truth_input,test,112.0,113.0,3,lower_mid,3,3,3.325,0.325,0.0
ground_truth_input,test,112.0,113.0,4,near,7,4,6.656,2.656,3.0
ground_truth_input,test,113.0,114.0,0,far,0,0,0.2371,0.2371,0.0
ground_truth_input,test,113.0,114.0,1,upper_mid,2,2,2.0321,0.0321,0.0
ground_truth_input,test,113.0,114.0,2,middle,0,0,0.3515,0.3515,0.0
ground_truth_input,test,113.0,114.0,3,lower_mid,3,3,3.2221,0.2221,0.0
ground_truth_input,test,113.0,114.0,4,near,4,4,3.6894,0.3106,0.0
ground_truth_input,test,114.0,115.0,0,far,0,1,0.3628,0.6372,1.0
ground_truth_input,test,114.0,115.0,1,upper_mid,2,2,1.7679,0.2321,0.0
ground_truth_input,test,114.0,115.0,2,middle,0,1,0.5089,0.4911,1.0
ground_truth_input,test,114.0,115.0,3,lower_mid,3,1,3.1478,2.1478,2.0
ground_truth_input,test,114.0,115.0,4,near,4,1,3.9301,2.9301,3.0
ground_truth_input,test,115.0,116.0,0,far,1,1,1.1915,0.1915,0.0
ground_truth_input,test,115.0,116.0,1,upper_mid,2,2,1.9447,0.0553,0.0
ground_truth_input,test,115.0,116.0,2,middle,1,1,1.6374,0.6374,0.0
ground_truth_input,test,115.0,116.0,3,lower_mid,1,1,0.9022,0.0978,0.0
ground_truth_input,test,115.0,116.0,4,near,1,1,0.9907,0.0093,0.0
ground_truth_input,test,116.0,117.0,0,far,1,2,0.951,1.049,1.0
ground_truth_input,test,116.0,117.0,1,upper_mid,2,1,2.1742,1.1742,1.0
ground_truth_input,test,116.0,117.0,2,middle,1,1,1.2465,0.2465,0.0
ground_truth_input,test,116.0,117.0,3,lower_mid,1,1,1.153,0.153,0.0
ground_truth_input,test,116.0,117.0,4,near,1,1,1.0191,0.0191,0.0
ground_truth_input,test,117.0,118.0,0,far,2,3,1.8621,1.1379,1.0
ground_truth_input,test,117.0,118.0,1,upper_mid,1,0,1.2032,1.2032,1.0
ground_truth_input,test,117.0,118.0,2,middle,1,2,1.2095,0.7905,1.0
ground_truth_input,test,117.0,118.0,3,lower_mid,1,0,1.1923,1.1923,1.0
ground_truth_input,test,117.0,118.0,4,near,1,2,0.9963,1.0037,1.0
ground_truth_input,test,118.0,119.0,0,far,3,2,2.3762,0.3762,1.0
ground_truth_input,test,118.0,119.0,1,upper_mid,0,1,0.4276,0.5724,1.0
ground_truth_input,test,118.0,119.0,2,middle,2,2,1.8986,0.1014,0.0
ground_truth_input,test,118.0,119.0,3,lower_mid,0,0,0.3825,0.3825,0.0
ground_truth_input,test,118.0,119.0,4,near,2,3,2.0471,0.9529,1.0
ground_truth_input,test,119.0,120.0,0,far,2,2,1.3122,0.6878,0.0
ground_truth_input,test,119.0,120.0,1,upper_mid,1,1,1.7088,0.7088,0.0
ground_truth_input,test,119.0,120.0,2,middle,2,2,1.5962,0.4038,0.0
ground_truth_input,test,119.0,120.0,3,lower_mid,0,0,0.4597,0.4597,0.0
ground_truth_input,test,119.0,120.0,4,near,3,2,2.8976,0.8976,1.0
ground_truth_input,test,120.0,121.0,0,far,2,3,1.4726,1.5274,1.0
ground_truth_input,test,120.0,121.0,1,upper_mid,1,1,1.5543,0.5543,0.0
ground_truth_input,test,120.0,121.0,2,middle,2,2,1.6737,0.3263,0.0
ground_truth_input,test,120.0,121.0,3,lower_mid,0,1,0.445,0.555,1.0
ground_truth_input,test,120.0,121.0,4,near,2,1,1.8456,0.8456,1.0
ground_truth_input,test,121.0,122.0,0,far,3,3,2.4042,0.5958,0.0
ground_truth_input,test,121.0,122.0,1,upper_mid,1,1,1.6054,0.6054,0.0
ground_truth_input,test,121.0,122.0,2,middle,2,2,1.7093,0.2907,0.0
ground_truth_input,test,121.0,122.0,3,lower_mid,1,1,1.4317,0.4317,0.0
ground_truth_input,test,121.0,122.0,4,near,1,1,0.9061,0.0939,0.0
ground_truth_input,test,122.0,123.0,0,far,3,3,2.3235,0.6765,0.0
ground_truth_input,test,122.0,123.0,1,upper_mid,1,2,1.5983,0.4017,1.0
ground_truth_input,test,122.0,123.0,2,middle,2,2,1.7932,0.2068,0.0
ground_truth_input,test,122.0,123.0,3,lower_mid,1,1,1.257,0.257,0.0
ground_truth_input,test,122.0,123.0,4,near,1,0,0.9913,0.9913,1.0
tracker_input,train,0.0,1.0,0,far,5,2,2.239,0.239,3.0
tracker_input,train,0.0,1.0,1,upper_mid,2,1,1.9642,0.9642,1.0
tracker_input,train,0.0,1.0,2,middle,6,4,4.1261,0.1261,2.0
tracker_input,train,0.0,1.0,3,lower_mid,1,2,1.0351,0.9649,1.0
tracker_input,train,0.0,1.0,4,near,4,4,2.8569,1.1431,0.0
tracker_input,train,1.0,2.0,0,far,5,2,2.3565,0.3565,3.0
tracker_input,train,1.0,2.0,1,upper_mid,2,4,2.1154,1.8846,2.0
tracker_input,train,1.0,2.0,2,middle,4,0,1.8375,1.8375,4.0
tracker_input,train,1.0,2.0,3,lower_mid,2,2,2.1284,0.1284,0.0
tracker_input,train,1.0,2.0,4,near,4,3,2.7127,0.2873,1.0
tracker_input,train,2.0,3.0,0,far,6,3,3.4199,0.4199,3.0
tracker_input,train,2.0,3.0,1,upper_mid,2,3,2.1006,0.8994,1.0
tracker_input,train,2.0,3.0,2,middle,4,0,2.2241,2.2241,4.0
tracker_input,train,2.0,3.0,3,lower_mid,2,0,2.0298,2.0298,2.0
tracker_input,train,2.0,3.0,4,near,4,3,2.8539,0.1461,1.0
tracker_input,train,3.0,4.0,0,far,5,3,2.3077,0.6923,2.0
tracker_input,train,3.0,4.0,1,upper_mid,3,3,3.1021,0.1021,0.0
tracker_input,train,3.0,4.0,2,middle,2,0,0.3045,0.3045,2.0
tracker_input,train,3.0,4.0,3,lower_mid,1,1,0.9904,0.0096,0.0
tracker_input,train,3.0,4.0,4,near,4,3,2.9069,0.0931,1.0
tracker_input,train,4.0,5.0,0,far,4,3,1.2799,1.7201,1.0
tracker_input,train,4.0,5.0,1,upper_mid,3,3,3.0444,0.0444,0.0
tracker_input,train,4.0,5.0,2,middle,2,0,0.4432,0.4432,2.0
tracker_input,train,4.0,5.0,3,lower_mid,1,2,0.978,1.022,1.0
tracker_input,train,4.0,5.0,4,near,4,2,2.8669,0.8669,2.0
tracker_input,train,5.0,6.0,0,far,6,2,3.4733,1.4733,4.0
tracker_input,train,5.0,6.0,1,upper_mid,3,3,3.0274,0.0274,0.0
tracker_input,train,5.0,6.0,2,middle,2,0,0.4794,0.4794,2.0
tracker_input,train,5.0,6.0,3,lower_mid,2,2,2.0166,0.0166,0.0
tracker_input,train,5.0,6.0,4,near,4,2,2.8798,0.8798,2.0
tracker_input,train,6.0,7.0,0,far,6,3,3.5737,0.5737,3.0
tracker_input,train,6.0,7.0,1,upper_mid,4,1,4.0512,3.0512,3.0
tracker_input,train,6.0,7.0,2,middle,2,0,0.5,0.5,2.0
tracker_input,train,6.0,7.0,3,lower_mid,2,2,1.9591,0.0409,0.0
tracker_input,train,6.0,7.0,4,near,3,2,1.899,0.101,1.0
tracker_input,train,7.0,8.0,0,far,6,3,3.6454,0.6454,3.0
tracker_input,train,7.0,8.0,1,upper_mid,2,1,1.9618,0.9618,1.0
tracker_input,train,7.0,8.0,2,middle,2,0,0.6609,0.6609,2.0
tracker_input,train,7.0,8.0,3,lower_mid,2,3,1.9143,1.0857,1.0
tracker_input,train,7.0,8.0,4,near,3,2,1.9347,0.0653,1.0
tracker_input,train,8.0,9.0,0,far,5,3,2.2242,0.7758,2.0
tracker_input,train,8.0,9.0,1,upper_mid,1,1,1.0338,0.0338,0.0
tracker_input,train,8.0,9.0,2,middle,2,2,0.5554,1.4446,0.0
tracker_input,train,8.0,9.0,3,lower_mid,3,1,2.9129,1.9129,2.0
tracker_input,train,8.0,9.0,4,near,3,2,2.0011,0.0011,1.0
tracker_input,train,9.0,10.0,0,far,5,3,2.2669,0.7331,2.0
tracker_input,train,9.0,10.0,1,upper_mid,1,0,1.0407,1.0407,1.0
tracker_input,train,9.0,10.0,2,middle,4,4,2.5112,1.4888,0.0
tracker_input,train,9.0,10.0,3,lower_mid,1,0,0.8239,0.8239,1.0
tracker_input,train,9.0,10.0,4,near,3,3,2.1615,0.8385,0.0
tracker_input,train,10.0,11.0,0,far,6,1,3.3663,2.3663,5.0
tracker_input,train,10.0,11.0,1,upper_mid,1,0,1.0549,1.0549,1.0
tracker_input,train,10.0,11.0,2,middle,5,6,3.0828,2.9172,1.0
tracker_input,train,10.0,11.0,3,lower_mid,0,1,0.0773,0.9227,1.0
tracker_input,train,10.0,11.0,4,near,4,3,2.6412,0.3588,1.0
tracker_input,train,11.0,12.0,0,far,6,1,3.3346,2.3346,5.0
tracker_input,train,11.0,12.0,1,upper_mid,2,0,2.1315,2.1315,2.0
tracker_input,train,11.0,12.0,2,middle,6,6,3.9892,2.0108,0.0
tracker_input,train,11.0,12.0,3,lower_mid,1,1,1.1006,0.1006,0.0
tracker_input,train,11.0,12.0,4,near,4,5,2.7735,2.2265,1.0
tracker_input,train,12.0,13.0,0,far,6,1,3.2832,2.2832,5.0
tracker_input,train,12.0,13.0,1,upper_mid,0,2,0.1125,1.8875,2.0
tracker_input,train,12.0,13.0,2,middle,9,3,7.0665,4.0665,6.0
tracker_input,train,12.0,13.0,3,lower_mid,1,4,1.0695,2.9305,3.0
tracker_input,train,12.0,13.0,4,near,6,4,4.8007,0.8007,2.0
tracker_input,train,13.0,14.0,0,far,7,1,4.2117,3.2117,6.0
tracker_input,train,13.0,14.0,1,upper_mid,2,3,2.2332,0.7668,1.0
tracker_input,train,13.0,14.0,2,middle,7,4,4.7573,0.7573,3.0
tracker_input,train,13.0,14.0,3,lower_mid,3,4,3.2433,0.7567,1.0
tracker_input,train,13.0,14.0,4,near,5,4,3.5671,0.4329,1.0
tracker_input,train,14.0,15.0,0,far,6,1,3.418,2.418,5.0
tracker_input,train,14.0,15.0,1,upper_mid,4,4,4.1664,0.1664,0.0
tracker_input,train,14.0,15.0,2,middle,6,2,4.1228,2.1228,4.0
tracker_input,train,14.0,15.0,3,lower_mid,4,4,4.1185,0.1185,0.0
tracker_input,train,14.0,15.0,4,near,5,4,3.8432,0.1568,1.0
tracker_input,train,15.0,16.0,0,far,6,1,3.6798,2.6798,5.0
tracker_input,train,15.0,16.0,1,upper_mid,4,4,4.0709,0.0709,0.0
tracker_input,train,15.0,16.0,2,middle,3,2,1.1349,0.8651,1.0
tracker_input,train,15.0,16.0,3,lower_mid,5,7,5.0298,1.9702,2.0
tracker_input,train,15.0,16.0,4,near,4,2,2.8582,0.8582,2.0
tracker_input,train,16.0,17.0,0,far,3,1,0.3723,0.6277,2.0
tracker_input,train,16.0,17.0,1,upper_mid,4,4,4.0711,0.0711,0.0
tracker_input,train,16.0,17.0,2,middle,4,2,2.4977,0.4977,2.0
tracker_input,train,16.0,17.0,3,lower_mid,6,8,5.7984,2.2016,2.0
tracker_input,train,16.0,17.0,4,near,2,2,1.1807,0.8193,0.0
tracker_input,train,17.0,18.0,0,far,3,5,0.7756,4.2244,2.0
tracker_input,train,17.0,18.0,1,upper_mid,4,3,4.0033,1.0033,1.0
tracker_input,train,17.0,18.0,2,middle,4,2,2.5665,0.5665,2.0
tracker_input,train,17.0,18.0,3,lower_mid,9,9,8.7921,0.2079,0.0
tracker_input,train,17.0,18.0,4,near,1,1,0.2879,0.7121,0.0
tracker_input,train,18.0,19.0,0,far,5,4,2.9244,1.0756,1.0
tracker_input,train,18.0,19.0,1,upper_mid,3,4,2.9844,1.0156,1.0
tracker_input,train,18.0,19.0,2,middle,3,5,1.7307,3.2693,2.0
tracker_input,train,18.0,19.0,3,lower_mid,11,6,10.5601,4.5601,5.0
tracker_input,train,18.0,19.0,4,near,1,1,0.607,0.393,0.0
tracker_input,train,19.0,20.0,0,far,4,4,1.5168,2.4832,0.0
tracker_input,train,19.0,20.0,1,upper_mid,4,4,4.0624,0.0624,0.0
tracker_input,train,19.0,20.0,2,middle,4,9,2.8508,6.1492,5.0
tracker_input,train,19.0,20.0,3,lower_mid,7,1,6.1793,5.1793,6.0
tracker_input,train,19.0,20.0,4,near,1,2,0.7829,1.2171,1.0
tracker_input,train,20.0,21.0,0,far,6,4,3.8534,0.1466,2.0
tracker_input,train,20.0,21.0,1,upper_mid,4,5,4.0083,0.9917,1.0
tracker_input,train,20.0,21.0,2,middle,10,10,8.7773,1.2227,0.0
tracker_input,train,20.0,21.0,3,lower_mid,1,0,0.4043,0.4043,1.0
tracker_input,train,20.0,21.0,4,near,3,2,2.7489,0.7489,1.0
tracker_input,train,21.0,22.0,0,far,6,3,3.6266,0.6266,3.0
tracker_input,train,21.0,22.0,1,upper_mid,3,4,3.102,0.898,1.0
tracker_input,train,21.0,22.0,2,middle,12,10,9.7679,0.2321,2.0
tracker_input,train,21.0,22.0,3,lower_mid,0,0,0.152,0.152,0.0
tracker_input,train,21.0,22.0,4,near,2,2,0.6681,1.3319,0.0
tracker_input,train,22.0,23.0,0,far,5,2,2.4219,0.4219,3.0
tracker_input,train,22.0,23.0,1,upper_mid,4,6,4.1771,1.8229,2.0
tracker_input,train,22.0,23.0,2,middle,12,9,9.5744,0.5744,3.0
tracker_input,train,22.0,23.0,3,lower_mid,0,0,0.2005,0.2005,0.0
tracker_input,train,22.0,23.0,4,near,1,1,0.0,1.0,0.0
tracker_input,train,23.0,24.0,0,far,4,2,1.6434,0.3566,2.0
tracker_input,train,23.0,24.0,1,upper_mid,5,10,5.1677,4.8323,5.0
tracker_input,train,23.0,24.0,2,middle,11,5,8.6472,3.6472,6.0
tracker_input,train,23.0,24.0,3,lower_mid,0,0,0.2269,0.2269,0.0
tracker_input,train,23.0,24.0,4,near,2,1,0.5705,0.4295,1.0
tracker_input,train,24.0,25.0,0,far,4,3,1.6787,1.3213,1.0
tracker_input,train,24.0,25.0,1,upper_mid,8,13,8.191,4.809,5.0
tracker_input,train,24.0,25.0,2,middle,8,2,5.6764,3.6764,6.0
tracker_input,train,24.0,25.0,3,lower_mid,0,1,0.2054,0.7946,1.0
tracker_input,train,24.0,25.0,4,near,0,1,0.0,1.0,1.0
tracker_input,train,25.0,26.0,0,far,1,2,0.0,2.0,1.0
tracker_input,train,25.0,26.0,1,upper_mid,13,14,13.2254,0.7746,1.0
tracker_input,train,25.0,26.0,2,middle,3,2,1.0328,0.9672,1.0
tracker_input,train,25.0,26.0,3,lower_mid,1,1,1.1648,0.1648,0.0
tracker_input,train,25.0,26.0,4,near,0,1,0.0,1.0,1.0
tracker_input,train,26.0,27.0,0,far,1,3,0.008,2.992,2.0
tracker_input,train,26.0,27.0,1,upper_mid,13,12,12.506,0.506,1.0
tracker_input,train,26.0,27.0,2,middle,4,3,2.8466,0.1534,1.0
tracker_input,train,26.0,27.0,3,lower_mid,1,1,0.913,0.087,0.0
tracker_input,train,26.0,27.0,4,near,2,1,0.9865,0.0135,1.0
tracker_input,train,27.0,28.0,0,far,1,1,0.1471,0.8529,0.0
tracker_input,train,27.0,28.0,1,upper_mid,11,13,10.3822,2.6178,2.0
tracker_input,train,27.0,28.0,2,middle,5,2,3.8134,1.8134,3.0
tracker_input,train,27.0,28.0,3,lower_mid,1,1,0.9262,0.0738,0.0
tracker_input,train,27.0,28.0,4,near,1,1,0.0,1.0,0.0
tracker_input,train,28.0,29.0,0,far,2,5,0.8253,4.1747,3.0
tracker_input,train,28.0,29.0,1,upper_mid,10,5,9.6885,4.6885,5.0
tracker_input,train,28.0,29.0,2,middle,5,7,3.5338,3.4662,2.0
tracker_input,train,28.0,29.0,3,lower_mid,1,1,0.9649,0.0351,0.0
tracker_input,train,28.0,29.0,4,near,1,0,0.0,0.0,1.0
tracker_input,train,29.0,30.0,0,far,6,5,4.7548,0.2452,1.0
tracker_input,train,29.0,30.0,1,upper_mid,6,5,5.646,0.646,1.0
tracker_input,train,29.0,30.0,2,middle,8,5,6.5661,1.5661,3.0
tracker_input,train,29.0,30.0,3,lower_mid,1,3,0.9739,2.0261,2.0
tracker_input,train,29.0,30.0,4,near,1,0,0.0,0.0,1.0
tracker_input,train,30.0,31.0,0,far,6,5,3.9686,1.0314,1.0
tracker_input,train,30.0,31.0,1,upper_mid,4,4,4.0113,0.0113,0.0
tracker_input,train,30.0,31.0,2,middle,8,5,6.0954,1.0954,3.0
tracker_input,train,30.0,31.0,3,lower_mid,2,3,2.0595,0.9405,1.0
tracker_input,train,30.0,31.0,4,near,0,0,0.0,0.0,0.0
tracker_input,train,31.0,32.0,0,far,7,7,4.5068,2.4932,0.0
tracker_input,train,31.0,32.0,1,upper_mid,4,3,4.1422,1.1422,1.0
tracker_input,train,31.0,32.0,2,middle,6,4,4.0472,0.0472,2.0
tracker_input,train,31.0,32.0,3,lower_mid,4,4,4.0686,0.0686,0.0
tracker_input,train,31.0,32.0,4,near,0,0,0.0,0.0,0.0
tracker_input,train,32.0,33.0,0,far,7,7,4.6153,2.3847,0.0
tracker_input,train,32.0,33.0,1,upper_mid,3,0,3.0965,3.0965,3.0
tracker_input,train,32.0,33.0,2,middle,5,4,3.2298,0.7702,1.0
tracker_input,train,32.0,33.0,3,lower_mid,5,4,4.905,0.905,1.0
tracker_input,train,32.0,33.0,4,near,0,0,0.0,0.0,0.0
tracker_input,train,33.0,34.0,0,far,11,7,8.5293,1.5293,4.0
tracker_input,train,33.0,34.0,1,upper_mid,0,0,0.0761,0.0761,0.0
tracker_input,train,33.0,34.0,2,middle,5,3,3.487,0.487,2.0
tracker_input,train,33.0,34.0,3,lower_mid,6,5,5.7808,0.7808,1.0
tracker_input,train,33.0,34.0,4,near,2,0,1.4042,1.4042,2.0
tracker_input,train,34.0,35.0,0,far,9,4,5.7111,1.7111,5.0
tracker_input,train,34.0,35.0,1,upper_mid,0,2,0.1919,1.8081,2.0
tracker_input,train,34.0,35.0,2,middle,4,2,2.3113,0.3113,2.0
tracker_input,train,34.0,35.0,3,lower_mid,5,4,4.7163,0.7163,1.0
tracker_input,train,34.0,35.0,4,near,2,2,1.3454,0.6546,0.0
tracker_input,train,35.0,36.0,0,far,8,3,4.9403,1.9403,5.0
tracker_input,train,35.0,36.0,1,upper_mid,2,2,2.198,0.198,0.0
tracker_input,train,35.0,36.0,2,middle,4,2,2.336,0.336,2.0
tracker_input,train,35.0,36.0,3,lower_mid,4,3,3.7552,0.7552,1.0
tracker_input,train,35.0,36.0,4,near,2,3,1.3221,1.6779,1.0
tracker_input,train,36.0,37.0,0,far,7,2,4.2561,2.2561,5.0
tracker_input,train,36.0,37.0,1,upper_mid,2,3,2.0858,0.9142,1.0
tracker_input,train,36.0,37.0,2,middle,4,0,2.337,2.337,4.0
tracker_input,train,36.0,37.0,3,lower_mid,3,4,2.8796,1.1204,1.0
tracker_input,train,36.0,37.0,4,near,3,4,2.1325,1.8675,1.0
tracker_input,train,37.0,38.0,0,far,7,0,4.2897,4.2897,7.0
tracker_input,train,37.0,38.0,1,upper_mid,3,3,3.1163,0.1163,0.0
tracker_input,train,37.0,38.0,2,middle,2,0,0.2597,0.2597,2.0
tracker_input,train,37.0,38.0,3,lower_mid,3,4,2.968,1.032,1.0
tracker_input,train,37.0,38.0,4,near,5,3,3.9718,0.9718,2.0
tracker_input,train,38.0,39.0,0,far,7,0,4.3846,4.3846,7.0
tracker_input,train,38.0,39.0,1,upper_mid,3,1,3.0511,2.0511,2.0
tracker_input,train,38.0,39.0,2,middle,2,2,0.6539,1.3461,0.0
tracker_input,train,38.0,39.0,3,lower_mid,5,4,4.9531,0.9531,1.0
tracker_input,train,38.0,39.0,4,near,4,3,2.9379,0.0621,1.0
tracker_input,train,39.0,40.0,0,far,6,1,3.5848,2.5848,5.0
tracker_input,train,39.0,40.0,1,upper_mid,1,1,0.964,0.036,0.0
tracker_input,train,39.0,40.0,2,middle,4,3,2.715,0.285,1.0
tracker_input,train,39.0,40.0,3,lower_mid,4,3,3.6981,0.6981,1.0
tracker_input,train,39.0,40.0,4,near,5,1,4.2873,3.2873,4.0
tracker_input,train,40.0,41.0,0,far,6,1,3.3947,2.3947,5.0
tracker_input,train,40.0,41.0,1,upper_mid,1,1,1.0764,0.0764,0.0
tracker_input,train,40.0,41.0,2,middle,5,3,3.3261,0.3261,2.0
tracker_input,train,40.0,41.0,3,lower_mid,3,2,2.8867,0.8867,1.0
tracker_input,train,40.0,41.0,4,near,3,2,2.03,0.03,1.0
tracker_input,train,41.0,42.0,0,far,5,1,2.1658,1.1658,4.0
tracker_input,train,41.0,42.0,1,upper_mid,1,1,1.0908,0.0908,0.0
tracker_input,train,41.0,42.0,2,middle,5,3,3.2015,0.2015,2.0
tracker_input,train,41.0,42.0,3,lower_mid,2,2,1.9367,0.0633,0.0
tracker_input,train,41.0,42.0,4,near,2,2,1.0294,0.9706,0.0
tracker_input,train,42.0,43.0,0,far,6,1,3.2033,2.2033,5.0
tracker_input,train,42.0,43.0,1,upper_mid,1,2,1.1004,0.8996,1.0
tracker_input,train,42.0,43.0,2,middle,4,0,2.0787,2.0787,4.0
tracker_input,train,42.0,43.0,3,lower_mid,2,4,1.9808,2.0192,2.0
tracker_input,train,42.0,43.0,4,near,1,2,0.0695,1.9305,1.0
tracker_input,train,43.0,44.0,0,far,5,1,2.1841,1.1841,4.0
tracker_input,train,43.0,44.0,1,upper_mid,2,4,2.1208,1.8792,2.0
tracker_input,train,43.0,44.0,2,middle,2,3,0.2443,2.7557,1.0
tracker_input,train,43.0,44.0,3,lower_mid,6,2,6.0534,4.0534,4.0
tracker_input,train,43.0,44.0,4,near,2,4,0.9538,3.0462,2.0
tracker_input,train,44.0,45.0,0,far,5,2,2.4814,0.4814,3.0
tracker_input,train,44.0,45.0,1,upper_mid,3,3,3.0537,0.0537,0.0
tracker_input,train,44.0,45.0,2,middle,4,4,2.7525,1.2475,0.0
tracker_input,train,44.0,45.0,3,lower_mid,3,2,2.5632,0.5632,1.0
tracker_input,train,44.0,45.0,4,near,5,4,4.4287,0.4287,1.0
tracker_input,train,45.0,46.0,0,far,5,3,2.7324,0.2676,2.0
tracker_input,train,45.0,46.0,1,upper_mid,3,3,2.9956,0.0044,0.0
tracker_input,train,45.0,46.0,2,middle,5,5,3.3696,1.6304,0.0
tracker_input,train,45.0,46.0,3,lower_mid,2,2,1.9576,0.0424,0.0
tracker_input,train,45.0,46.0,4,near,6,5,4.9756,0.0244,1.0
tracker_input,train,46.0,47.0,0,far,3,3,0.4757,2.5243,0.0
tracker_input,train,46.0,47.0,1,upper_mid,3,3,3.0641,0.0641,0.0
tracker_input,train,46.0,47.0,2,middle,7,4,5.2811,1.2811,3.0
tracker_input,train,46.0,47.0,3,lower_mid,3,3,3.0387,0.0387,0.0
tracker_input,train,46.0,47.0,4,near,5,4,3.9284,0.0716,1.0
tracker_input,train,47.0,48.0,0,far,2,2,0.0,2.0,0.0
tracker_input,train,47.0,48.0,1,upper_mid,3,4,3.0853,0.9147,1.0
tracker_input,train,47.0,48.0,2,middle,6,3,4.0699,1.0699,3.0
tracker_input,train,47.0,48.0,3,lower_mid,3,7,3.0253,3.9747,4.0
tracker_input,train,47.0,48.0,4,near,4,3,2.8909,0.1091,1.0
tracker_input,train,48.0,49.0,0,far,2,1,0.0,1.0,1.0
tracker_input,train,48.0,49.0,1,upper_mid,4,6,4.1203,1.8797,2.0
tracker_input,train,48.0,49.0,2,middle,6,3,4.1613,1.1613,3.0
tracker_input,train,48.0,49.0,3,lower_mid,6,7,6.0916,0.9084,1.0
tracker_input,train,48.0,49.0,4,near,3,3,1.922,1.078,0.0
tracker_input,train,49.0,50.0,0,far,1,0,0.0,0.0,1.0
tracker_input,train,49.0,50.0,1,upper_mid,6,5,6.0897,1.0897,1.0
tracker_input,train,49.0,50.0,2,middle,7,6,5.383,0.617,1.0
tracker_input,train,49.0,50.0,3,lower_mid,6,7,5.847,1.153,1.0
tracker_input,train,49.0,50.0,4,near,3,1,2.2216,1.2216,2.0
tracker_input,train,50.0,51.0,0,far,1,0,0.0,0.0,1.0
tracker_input,train,50.0,51.0,1,upper_mid,6,5,6.0569,1.0569,1.0
tracker_input,train,50.0,51.0,2,middle,6,8,4.3039,3.6961,2.0
tracker_input,train,50.0,51.0,3,lower_mid,7,7,6.9147,0.0853,0.0
tracker_input,train,50.0,51.0,4,near,1,2,0.2458,1.7542,1.0
tracker_input,train,51.0,52.0,0,far,2,0,0.199,0.199,2.0
tracker_input,train,51.0,52.0,1,upper_mid,4,4,3.8607,0.1393,0.0
tracker_input,train,51.0,52.0,2,middle,10,11,8.6445,2.3555,1.0
tracker_input,train,51.0,52.0,3,lower_mid,7,4,6.6084,2.6084,3.0
tracker_input,train,51.0,52.0,4,near,2,2,1.5911,0.4089,0.0
tracker_input,train,52.0,53.0,0,far,1,0,0.0,0.0,1.0
tracker_input,train,52.0,53.0,1,upper_mid,5,3,5.0652,2.0652,2.0
tracker_input,train,52.0,53.0,2,middle,11,13,9.2084,3.7916,2.0
tracker_input,train,52.0,53.0,3,lower_mid,7,4,6.8395,2.8395,3.0
tracker_input,train,52.0,53.0,4,near,2,2,1.3521,0.6479,0.0
tracker_input,train,53.0,54.0,0,far,2,0,0.0,0.0,2.0
tracker_input,train,53.0,54.0,1,upper_mid,4,2,4.0514,2.0514,2.0
tracker_input,train,53.0,54.0,2,middle,11,14,9.1573,4.8427,3.0
tracker_input,train,53.0,54.0,3,lower_mid,5,4,4.8342,0.8342,1.0
tracker_input,train,53.0,54.0,4,near,3,2,2.413,0.413,1.0
tracker_input,train,54.0,55.0,0,far,2,1,0.0,1.0,1.0
tracker_input,train,54.0,55.0,1,upper_mid,3,4,3.1176,0.8824,1.0
tracker_input,train,54.0,55.0,2,middle,14,11,12.008,1.008,3.0
tracker_input,train,54.0,55.0,3,lower_mid,4,3,3.9426,0.9426,1.0
tracker_input,train,54.0,55.0,4,near,3,4,2.2391,1.7609,1.0
tracker_input,train,55.0,56.0,0,far,3,2,0.6283,1.3717,1.0
tracker_input,train,55.0,56.0,1,upper_mid,5,7,5.2016,1.7984,2.0
tracker_input,train,55.0,56.0,2,middle,11,9,8.7773,0.2227,2.0
tracker_input,train,55.0,56.0,3,lower_mid,5,4,5.1495,1.1495,1.0
tracker_input,train,55.0,56.0,4,near,5,4,4.0187,0.0187,1.0
tracker_input,train,56.0,57.0,0,far,4,3,1.7166,1.2834,1.0
tracker_input,train,56.0,57.0,1,upper_mid,7,6,7.2046,1.2046,1.0
tracker_input,train,56.0,57.0,2,middle,10,8,7.8707,0.1293,2.0
tracker_input,train,56.0,57.0,3,lower_mid,3,5,3.0458,1.9542,2.0
tracker_input,train,56.0,57.0,4,near,5,5,4.0269,0.9731,0.0
tracker_input,train,57.0,58.0,0,far,4,5,1.9347,3.0653,1.0
tracker_input,train,57.0,58.0,1,upper_mid,5,6,5.0673,0.9327,1.0
tracker_input,train,57.0,58.0,2,middle,9,7,7.0929,0.0929,2.0
tracker_input,train,57.0,58.0,3,lower_mid,4,4,4.118,0.118,0.0
tracker_input,train,57.0,58.0,4,near,6,5,4.8076,0.1924,1.0
tracker_input,train,58.0,59.0,0,far,5,4,2.667,1.333,1.0
tracker_input,train,58.0,59.0,1,upper_mid,6,9,6.1715,2.8285,3.0
tracker_input,train,58.0,59.0,2,middle,7,4,4.9423,0.9423,3.0
tracker_input,train,58.0,59.0,3,lower_mid,5,3,5.1411,2.1411,2.0
tracker_input,train,58.0,59.0,4,near,5,5,3.8388,1.1612,0.0
tracker_input,train,59.0,60.0,0,far,3,4,0.7878,3.2122,1.0
tracker_input,train,59.0,60.0,1,upper_mid,10,11,10.1762,0.8238,1.0
tracker_input,train,59.0,60.0,2,middle,6,2,4.2676,2.2676,4.0
tracker_input,train,59.0,60.0,3,lower_mid,4,3,3.9881,0.9881,1.0
tracker_input,train,59.0,60.0,4,near,6,5,5.0053,0.0053,1.0
tracker_input,train,60.0,61.0,0,far,4,7,2.5138,4.4862,3.0
tracker_input,train,60.0,61.0,1,upper_mid,11,10,10.9375,0.9375,1.0
tracker_input,train,60.0,61.0,2,middle,4,0,2.6211,2.6211,4.0
tracker_input,train,60.0,61.0,3,lower_mid,4,3,3.9714,0.9714,1.0
tracker_input,train,60.0,61.0,4,near,6,4,4.983,0.983,2.0
tracker_input,train,61.0,62.0,0,far,5,6,3.5825,2.4175,1.0
tracker_input,train,61.0,62.0,1,upper_mid,12,11,11.8264,0.8264,1.0
tracker_input,train,61.0,62.0,2,middle,2,1,0.937,0.063,1.0
tracker_input,train,61.0,62.0,3,lower_mid,3,5,2.9536,2.0464,2.0
tracker_input,train,61.0,62.0,4,near,7,5,5.859,0.859,2.0
tracker_input,train,62.0,63.0,0,far,6,6,4.7437,1.2563,0.0
tracker_input,train,62.0,63.0,1,upper_mid,10,9,9.6446,0.6446,1.0
tracker_input,train,62.0,63.0,2,middle,2,4,1.0105,2.9895,2.0
tracker_input,train,62.0,63.0,3,lower_mid,5,3,4.9764,1.9764,2.0
tracker_input,train,62.0,63.0,4,near,6,2,4.8156,2.8156,4.0
tracker_input,train,63.0,64.0,0,far,7,7,5.5485,1.4515,0.0
tracker_input,train,63.0,64.0,1,upper_mid,10,8,9.7612,1.7612,2.0
tracker_input,train,63.0,64.0,2,middle,5,5,3.9312,1.0688,0.0
tracker_input,train,63.0,64.0,3,lower_mid,3,3,2.7456,0.2544,0.0
tracker_input,train,63.0,64.0,4,near,4,1,3.0579,2.0579,3.0
tracker_input,train,64.0,65.0,0,far,6,7,4.3905,2.6095,1.0
tracker_input,train,64.0,65.0,1,upper_mid,8,5,7.8664,2.8664,3.0
tracker_input,train,64.0,65.0,2,middle,7,7,5.561,1.439,0.0
tracker_input,train,64.0,65.0,3,lower_mid,3,1,2.9535,1.9535,2.0
tracker_input,train,64.0,65.0,4,near,2,1,0.9542,0.0458,1.0
tracker_input,train,65.0,66.0,0,far,7,6,5.324,0.676,1.0
tracker_input,train,65.0,66.0,1,upper_mid,7,4,6.9584,2.9584,3.0
tracker_input,train,65.0,66.0,2,middle,10,7,8.3898,1.3898,3.0
tracker_input,train,65.0,66.0,3,lower_mid,1,2,0.9007,1.0993,1.0
tracker_input,train,65.0,66.0,4,near,2,0,1.1831,1.1831,2.0
tracker_input,train,66.0,67.0,0,far,9,8,7.006,0.994,1.0
tracker_input,train,66.0,67.0,1,upper_mid,4,2,4.0692,2.0692,2.0
tracker_input,train,66.0,67.0,2,middle,10,7,7.9488,0.9488,3.0
tracker_input,train,66.0,67.0,3,lower_mid,1,2,1.122,0.878,1.0
tracker_input,train,66.0,67.0,4,near,2,0,0.7322,0.7322,2.0
tracker_input,train,67.0,68.0,0,far,10,7,7.4198,0.4198,3.0
tracker_input,train,67.0,68.0,1,upper_mid,2,3,2.222,0.778,1.0
tracker_input,train,67.0,68.0,2,middle,9,6,6.6916,0.6916,3.0
tracker_input,train,67.0,68.0,3,lower_mid,2,2,2.1865,0.1865,0.0
tracker_input,train,67.0,68.0,4,near,0,0,0.0,0.0,0.0
tracker_input,train,68.0,69.0,0,far,11,8,8.2528,0.2528,3.0
tracker_input,train,68.0,69.0,1,upper_mid,3,4,3.3149,0.6851,1.0
tracker_input,train,68.0,69.0,2,middle,10,4,7.9299,3.9299,6.0
tracker_input,train,68.0,69.0,3,lower_mid,2,5,2.0004,2.9996,3.0
tracker_input,train,68.0,69.0,4,near,0,0,0.0,0.0,0.0
tracker_input,train,69.0,70.0,0,far,10,4,7.1624,3.1624,6.0
tracker_input,train,69.0,70.0,1,upper_mid,4,6,4.2808,1.7192,2.0
tracker_input,train,69.0,70.0,2,middle,6,2,3.7784,1.7784,4.0
tracker_input,train,69.0,70.0,3,lower_mid,6,6,6.1595,0.1595,0.0
tracker_input,train,69.0,70.0,4,near,0,2,0.0,2.0,2.0
tracker_input,train,70.0,71.0,0,far,7,4,4.2898,0.2898,3.0
tracker_input,train,70.0,71.0,1,upper_mid,5,6,5.1424,0.8576,1.0
tracker_input,train,70.0,71.0,2,middle,4,1,2.3215,1.3215,3.0
tracker_input,train,70.0,71.0,3,lower_mid,8,5,7.7209,2.7209,3.0
tracker_input,train,70.0,71.0,4,near,0,3,0.0,3.0,3.0
tracker_input,train,71.0,72.0,0,far,5,2,2.5301,0.5301,3.0
tracker_input,train,71.0,72.0,1,upper_mid,5,6,5.0275,0.9725,1.0
tracker_input,train,71.0,72.0,2,middle,3,2,1.8346,0.1654,1.0
tracker_input,train,71.0,72.0,3,lower_mid,7,6,6.5317,0.5317,1.0
tracker_input,train,71.0,72.0,4,near,4,4,3.5409,0.4591,0.0
tracker_input,train,72.0,73.0,0,far,8,2,5.7813,3.7813,6.0
tracker_input,train,72.0,73.0,1,upper_mid,4,6,4.0006,1.9994,2.0
tracker_input,train,72.0,73.0,2,middle,4,3,2.8337,0.1663,1.0
tracker_input,train,72.0,73.0,3,lower_mid,5,4,4.6231,0.6231,1.0
tracker_input,train,72.0,73.0,4,near,5,5,4.3711,0.6289,0.0
tracker_input,train,73.0,74.0,0,far,8,5,5.5827,0.5827,3.0
tracker_input,train,73.0,74.0,1,upper_mid,4,2,4.0974,2.0974,2.0
tracker_input,train,73.0,74.0,2,middle,5,5,3.5636,1.4364,0.0
tracker_input,train,73.0,74.0,3,lower_mid,4,3,3.8513,0.8513,1.0
tracker_input,train,73.0,74.0,4,near,6,4,5.1731,1.1731,2.0
tracker_input,validation,74.0,75.0,0,far,7,4,4.414,0.414,3.0
tracker_input,validation,74.0,75.0,1,upper_mid,3,2,3.0876,1.0876,1.0
tracker_input,validation,74.0,75.0,2,middle,6,6,4.3825,1.6175,0.0
tracker_input,validation,74.0,75.0,3,lower_mid,4,2,3.9727,1.9727,2.0
tracker_input,validation,74.0,75.0,4,near,4,4,2.8417,1.1583,0.0
tracker_input,validation,75.0,76.0,0,far,6,3,3.422,0.422,3.0
tracker_input,validation,75.0,76.0,1,upper_mid,1,1,1.0536,0.0536,0.0
tracker_input,validation,75.0,76.0,2,middle,8,8,6.4165,1.5835,0.0
tracker_input,validation,75.0,76.0,3,lower_mid,2,2,1.8397,0.1603,0.0
tracker_input,validation,75.0,76.0,4,near,5,2,4.1746,2.1746,3.0
tracker_input,validation,76.0,77.0,0,far,6,3,3.2191,0.2191,3.0
tracker_input,validation,76.0,77.0,1,upper_mid,2,4,2.2046,1.7954,2.0
tracker_input,validation,76.0,77.0,2,middle,8,5,5.8215,0.8215,3.0
tracker_input,validation,76.0,77.0,3,lower_mid,2,2,2.1505,0.1505,0.0
tracker_input,validation,76.0,77.0,4,near,3,0,1.7682,1.7682,3.0
tracker_input,validation,77.0,78.0,0,far,5,1,2.259,1.259,4.0
tracker_input,validation,77.0,78.0,1,upper_mid,3,4,3.1614,0.8386,1.0
tracker_input,validation,77.0,78.0,2,middle,7,7,4.9019,2.0981,0.0
tracker_input,validation,77.0,78.0,3,lower_mid,2,2,2.0862,0.0862,0.0
tracker_input,validation,77.0,78.0,4,near,0,0,0.0,0.0,0.0
tracker_input,validation,78.0,79.0,0,far,3,0,0.5384,0.5384,3.0
tracker_input,validation,78.0,79.0,1,upper_mid,4,5,4.1547,0.8453,1.0
tracker_input,validation,78.0,79.0,2,middle,7,7,4.9616,2.0384,0.0
tracker_input,validation,78.0,79.0,3,lower_mid,3,2,3.0488,1.0488,1.0
tracker_input,validation,78.0,79.0,4,near,0,1,0.0,1.0,1.0
tracker_input,validation,79.0,80.0,0,far,2,0,0.0,0.0,2.0
tracker_input,validation,79.0,80.0,1,upper_mid,5,6,5.0669,0.9331,1.0
tracker_input,validation,79.0,80.0,2,middle,7,4,5.1058,1.1058,3.0
tracker_input,validation,79.0,80.0,3,lower_mid,2,3,1.9762,1.0238,1.0
tracker_input,validation,79.0,80.0,4,near,1,1,0.1393,0.8607,0.0
tracker_input,validation,80.0,81.0,0,far,4,1,1.8661,0.8661,3.0
tracker_input,validation,80.0,81.0,1,upper_mid,6,5,6.0841,1.0841,1.0
tracker_input,validation,80.0,81.0,2,middle,5,4,3.0873,0.9127,1.0
tracker_input,validation,80.0,81.0,3,lower_mid,2,3,1.9602,1.0398,1.0
tracker_input,validation,80.0,81.0,4,near,1,0,0.0978,0.0978,1.0
tracker_input,validation,81.0,82.0,0,far,5,4,2.9635,1.0365,1.0
tracker_input,validation,81.0,82.0,1,upper_mid,5,3,5.0172,2.0172,2.0
tracker_input,validation,81.0,82.0,2,middle,5,5,3.3102,1.6898,0.0
tracker_input,validation,81.0,82.0,3,lower_mid,2,2,1.9272,0.0728,0.0
tracker_input,validation,81.0,82.0,4,near,1,0,0.0627,0.0627,1.0
tracker_input,validation,82.0,83.0,0,far,7,7,4.9311,2.0689,0.0
tracker_input,validation,82.0,83.0,1,upper_mid,3,4,3.0246,0.9754,1.0
tracker_input,validation,82.0,83.0,2,middle,6,3,4.3314,1.3314,3.0
tracker_input,validation,82.0,83.0,3,lower_mid,2,2,1.9361,0.0639,0.0
tracker_input,validation,82.0,83.0,4,near,0,0,0.0,0.0,0.0
tracker_input,validation,83.0,84.0,0,far,5,5,2.3958,2.6042,0.0
tracker_input,validation,83.0,84.0,1,upper_mid,4,5,4.1294,0.8706,1.0
tracker_input,validation,83.0,84.0,2,middle,6,2,4.1574,2.1574,4.0
tracker_input,validation,83.0,84.0,3,lower_mid,2,2,1.9651,0.0349,0.0
tracker_input,validation,83.0,84.0,4,near,0,0,0.0,0.0,0.0
tracker_input,validation,84.0,85.0,0,far,8,5,5.7158,0.7158,3.0
tracker_input,validation,84.0,85.0,1,upper_mid,5,3,5.1302,2.1302,2.0
tracker_input,validation,84.0,85.0,2,middle,4,3,2.213,0.787,1.0
tracker_input,validation,84.0,85.0,3,lower_mid,2,2,1.9773,0.0227,0.0
tracker_input,validation,84.0,85.0,4,near,0,0,0.0,0.0,0.0
tracker_input,validation,85.0,86.0,0,far,7,3,4.6276,1.6276,4.0
tracker_input,validation,85.0,86.0,1,upper_mid,5,5,5.0744,0.0744,0.0
tracker_input,validation,85.0,86.0,2,middle,4,3,2.2052,0.7948,1.0
tracker_input,validation,85.0,86.0,3,lower_mid,2,1,1.881,0.881,1.0
tracker_input,validation,85.0,86.0,4,near,0,2,0.0,2.0,2.0
tracker_input,validation,86.0,87.0,0,far,4,2,1.6512,0.3488,2.0
tracker_input,validation,86.0,87.0,1,upper_mid,5,7,5.0657,1.9343,2.0
tracker_input,validation,86.0,87.0,2,middle,5,2,3.461,1.461,3.0
tracker_input,validation,86.0,87.0,3,lower_mid,1,2,0.8882,1.1118,1.0
tracker_input,validation,86.0,87.0,4,near,2,1,1.1688,0.1688,1.0
tracker_input,validation,87.0,88.0,0,far,5,2,2.7712,0.7712,3.0
tracker_input,validation,87.0,88.0,1,upper_mid,7,6,7.1179,1.1179,1.0
tracker_input,validation,87.0,88.0,2,middle,5,2,3.2736,1.2736,3.0
tracker_input,validation,87.0,88.0,3,lower_mid,2,2,2.0483,0.0483,0.0
tracker_input,validation,87.0,88.0,4,near,1,2,0.0,2.0,1.0
tracker_input,validation,88.0,89.0,0,far,6,3,4.053,1.053,3.0
tracker_input,validation,88.0,89.0,1,upper_mid,6,5,6.0102,1.0102,1.0
tracker_input,validation,88.0,89.0,2,middle,4,2,2.4806,0.4806,2.0
tracker_input,validation,88.0,89.0,3,lower_mid,2,1,1.9562,0.9562,1.0
tracker_input,validation,88.0,89.0,4,near,3,3,2.0177,0.9823,0.0
tracker_input,validation,89.0,90.0,0,far,7,4,4.8956,0.8956,3.0
tracker_input,validation,89.0,90.0,1,upper_mid,5,4,5.0009,1.0009,1.0
tracker_input,validation,89.0,90.0,2,middle,4,2,2.5072,0.5072,2.0
tracker_input,validation,89.0,90.0,3,lower_mid,1,2,0.9328,1.0672,1.0
tracker_input,validation,89.0,90.0,4,near,4,2,2.9835,0.9835,2.0
tracker_input,validation,90.0,91.0,0,far,8,4,5.7848,1.7848,4.0
tracker_input,validation,90.0,91.0,1,upper_mid,4,4,4.0474,0.0474,0.0
tracker_input,validation,90.0,91.0,2,middle,4,2,2.3658,0.3658,2.0
tracker_input,validation,90.0,91.0,3,lower_mid,3,3,3.0686,0.0686,0.0
tracker_input,validation,90.0,91.0,4,near,3,3,1.8541,1.1459,0.0
tracker_input,validation,91.0,92.0,0,far,7,5,4.5812,0.4188,2.0
tracker_input,validation,91.0,92.0,1,upper_mid,4,2,4.0822,2.0822,2.0
tracker_input,validation,91.0,92.0,2,middle,4,3,2.4576,0.5424,1.0
tracker_input,validation,91.0,92.0,3,lower_mid,3,3,2.939,0.061,0.0
tracker_input,validation,91.0,92.0,4,near,4,3,3.028,0.028,1.0
tracker_input,validation,92.0,93.0,0,far,6,5,3.5451,1.4549,1.0
tracker_input,validation,92.0,93.0,1,upper_mid,3,1,3.0495,2.0495,2.0
tracker_input,validation,92.0,93.0,2,middle,5,5,3.4096,1.5904,0.0
tracker_input,validation,92.0,93.0,3,lower_mid,3,2,2.9375,0.9375,1.0
tracker_input,validation,92.0,93.0,4,near,4,3,3.0229,0.0229,1.0
tracker_input,validation,93.0,94.0,0,far,8,7,5.6312,1.3688,1.0
tracker_input,validation,93.0,94.0,1,upper_mid,1,2,1.02,0.98,1.0
tracker_input,validation,93.0,94.0,2,middle,7,4,5.3692,1.3692,3.0
tracker_input,validation,93.0,94.0,3,lower_mid,2,2,1.9246,0.0754,0.0
tracker_input,validation,93.0,94.0,4,near,4,3,3.0638,0.0638,1.0
tracker_input,validation,94.0,95.0,0,far,7,5,4.0609,0.9391,2.0
tracker_input,validation,94.0,95.0,1,upper_mid,2,2,2.1965,0.1965,0.0
tracker_input,validation,94.0,95.0,2,middle,6,3,3.9694,0.9694,3.0
tracker_input,validation,94.0,95.0,3,lower_mid,2,2,2.08,0.08,0.0
tracker_input,validation,94.0,95.0,4,near,2,4,0.807,3.193,2.0
tracker_input,validation,95.0,96.0,0,far,6,2,3.2564,1.2564,4.0
tracker_input,validation,95.0,96.0,1,upper_mid,2,4,2.1249,1.8751,2.0
tracker_input,validation,95.0,96.0,2,middle,5,2,3.0727,1.0727,3.0
tracker_input,validation,95.0,96.0,3,lower_mid,3,3,3.0361,0.0361,0.0
tracker_input,validation,95.0,96.0,4,near,5,4,3.979,0.021,1.0
tracker_input,validation,96.0,97.0,0,far,7,4,4.326,0.326,3.0
tracker_input,validation,96.0,97.0,1,upper_mid,3,5,3.134,1.866,2.0
tracker_input,validation,96.0,97.0,2,middle,3,0,1.1659,1.1659,3.0
tracker_input,validation,96.0,97.0,3,lower_mid,3,4,3.0,1.0,1.0
tracker_input,validation,96.0,97.0,4,near,5,4,3.9472,0.0528,1.0
tracker_input,validation,97.0,98.0,0,far,5,2,2.3171,0.3171,3.0
tracker_input,validation,97.0,98.0,1,upper_mid,4,6,4.0958,1.9042,2.0
tracker_input,validation,97.0,98.0,2,middle,1,1,0.0,1.0,0.0
tracker_input,validation,97.0,98.0,3,lower_mid,4,1,3.9897,2.9897,3.0
tracker_input,validation,97.0,98.0,4,near,5,4,3.9327,0.0673,1.0
tracker_input,test,98.0,99.0,0,far,5,2,2.586,0.586,3.0
tracker_input,test,98.0,99.0,1,upper_mid,5,6,5.0286,0.9714,1.0
tracker_input,test,98.0,99.0,2,middle,2,1,0.8085,0.1915,1.0
tracker_input,test,98.0,99.0,3,lower_mid,3,1,2.8051,1.8051,2.0
tracker_input,test,98.0,99.0,4,near,5,4,4.0605,0.0605,1.0
tracker_input,test,99.0,100.0,0,far,3,2,0.7981,1.2019,1.0
tracker_input,test,99.0,100.0,1,upper_mid,8,7,8.0095,1.0095,1.0
tracker_input,test,99.0,100.0,2,middle,3,2,1.6525,0.3475,1.0
tracker_input,test,99.0,100.0,3,lower_mid,1,1,0.867,0.133,0.0
tracker_input,test,99.0,100.0,4,near,5,2,4.0235,2.0235,3.0
tracker_input,test,100.0,101.0,0,far,2,2,0.1821,1.8179,0.0
tracker_input,test,100.0,101.0,1,upper_mid,8,4,7.8816,3.8816,4.0
tracker_input,test,100.0,101.0,2,middle,3,4,1.5919,2.4081,1.0
tracker_input,test,100.0,101.0,3,lower_mid,1,0,1.0116,1.0116,1.0
tracker_input,test,100.0,101.0,4,near,2,3,0.6782,2.3218,1.0
tracker_input,test,101.0,102.0,0,far,2,2,0.2324,1.7676,0.0
tracker_input,test,101.0,102.0,1,upper_mid,6,2,5.7907,3.7907,4.0
tracker_input,test,101.0,102.0,2,middle,6,6,4.5967,1.4033,0.0
tracker_input,test,101.0,102.0,3,lower_mid,0,0,0.0052,0.0052,0.0
tracker_input,test,101.0,102.0,4,near,4,3,2.8082,0.1918,1.0
tracker_input,test,102.0,103.0,0,far,3,2,1.1246,0.8754,1.0
tracker_input,test,102.0,103.0,1,upper_mid,2,3,1.8372,1.1628,1.0
tracker_input,test,102.0,103.0,2,middle,8,6,6.1432,0.1432,2.0
tracker_input,test,102.0,103.0,3,lower_mid,0,0,0.1449,0.1449,0.0
tracker_input,test,102.0,103.0,4,near,4,3,2.5367,0.4633,1.0
tracker_input,test,103.0,104.0,0,far,3,2,0.6009,1.3991,1.0
tracker_input,test,103.0,104.0,1,upper_mid,2,2,2.051,0.051,0.0
tracker_input,test,103.0,104.0,2,middle,9,8,6.7956,1.2044,1.0
tracker_input,test,103.0,104.0,3,lower_mid,0,0,0.1745,0.1745,0.0
tracker_input,test,103.0,104.0,4,near,4,3,2.5751,0.4249,1.0
tracker_input,test,104.0,105.0,0,far,2,0,0.0,0.0,2.0
tracker_input,test,104.0,105.0,1,upper_mid,3,2,3.1256,1.1256,1.0
tracker_input,test,104.0,105.0,2,middle,10,7,7.7522,0.7522,3.0
tracker_input,test,104.0,105.0,3,lower_mid,0,6,0.209,5.791,6.0
tracker_input,test,104.0,105.0,4,near,4,0,2.5383,2.5383,4.0
tracker_input,test,105.0,106.0,0,far,2,0,0.0,0.0,2.0
tracker_input,test,105.0,106.0,1,upper_mid,3,2,3.142,1.142,1.0
tracker_input,test,105.0,106.0,2,middle,9,4,6.7383,2.7383,5.0
tracker_input,test,105.0,106.0,3,lower_mid,5,9,5.3032,3.6968,4.0
tracker_input,test,105.0,106.0,4,near,1,0,0.0,0.0,1.0
tracker_input,test,106.0,107.0,0,far,1,0,0.0,0.0,1.0
tracker_input,test,106.0,107.0,1,upper_mid,2,2,2.0713,0.0713,0.0
tracker_input,test,106.0,107.0,2,middle,7,2,4.9745,2.9745,5.0
tracker_input,test,106.0,107.0,3,lower_mid,9,12,9.004,2.996,3.0
tracker_input,test,106.0,107.0,4,near,0,0,0.0,0.0,0.0
tracker_input,test,107.0,108.0,0,far,1,1,0.0,1.0,0.0
tracker_input,test,107.0,108.0,1,upper_mid,2,0,2.0238,2.0238,2.0
tracker_input,test,107.0,108.0,2,middle,4,3,2.2461,0.7539,1.0
tracker_input,test,107.0,108.0,3,lower_mid,12,11,11.615,0.615,1.0
tracker_input,test,107.0,108.0,4,near,0,0,0.0,0.0,0.0
tracker_input,test,108.0,109.0,0,far,1,1,0.0,1.0,0.0
tracker_input,test,108.0,109.0,1,upper_mid,1,0,0.9029,0.9029,1.0
tracker_input,test,108.0,109.0,2,middle,5,3,3.7887,0.7887,2.0
tracker_input,test,108.0,109.0,3,lower_mid,12,6,11.1136,5.1136,6.0
tracker_input,test,108.0,109.0,4,near,0,5,0.0,5.0,5.0
tracker_input,test,109.0,110.0,0,far,2,1,0.0,1.0,1.0
tracker_input,test,109.0,110.0,1,upper_mid,0,0,0.0034,0.0034,0.0
tracker_input,test,109.0,110.0,2,middle,6,3,4.7763,1.7763,3.0
tracker_input,test,109.0,110.0,3,lower_mid,9,4,8.2061,4.2061,5.0
tracker_input,test,109.0,110.0,4,near,2,7,1.8719,5.1281,5.0
tracker_input,test,110.0,111.0,0,far,1,1,0.0,1.0,0.0
tracker_input,test,110.0,111.0,1,upper_mid,0,0,0.0435,0.0435,0.0
tracker_input,test,110.0,111.0,2,middle,5,3,3.6475,0.6475,2.0
tracker_input,test,110.0,111.0,3,lower_mid,4,3,3.3941,0.3941,1.0
tracker_input,test,110.0,111.0,4,near,7,7,6.684,0.316,0.0
tracker_input,test,111.0,112.0,0,far,2,0,0.0,0.0,2.0
tracker_input,test,111.0,112.0,1,upper_mid,0,1,0.0401,0.9599,1.0
tracker_input,test,111.0,112.0,2,middle,5,1,3.1828,2.1828,4.0
tracker_input,test,111.0,112.0,3,lower_mid,3,3,2.9455,0.0545,0.0
tracker_input,test,111.0,112.0,4,near,9,7,7.9711,0.9711,2.0
tracker_input,test,112.0,113.0,0,far,2,0,0.0,0.0,2.0
tracker_input,test,112.0,113.0,1,upper_mid,1,2,1.0738,0.9262,1.0
tracker_input,test,112.0,113.0,2,middle,3,0,1.0818,1.0818,3.0
tracker_input,test,112.0,113.0,3,lower_mid,3,3,3.1143,0.1143,0.0
tracker_input,test,112.0,113.0,4,near,9,4,7.6982,3.6982,5.0
tracker_input,test,113.0,114.0,0,far,3,0,0.3878,0.3878,3.0
tracker_input,test,113.0,114.0,1,upper_mid,1,2,1.0151,0.9849,1.0
tracker_input,test,113.0,114.0,2,middle,3,0,1.276,1.276,3.0
tracker_input,test,113.0,114.0,3,lower_mid,3,3,3.0459,0.0459,0.0
tracker_input,test,113.0,114.0,4,near,5,4,3.6307,0.3693,1.0
tracker_input,test,114.0,115.0,0,far,3,1,0.2474,0.7526,2.0
tracker_input,test,114.0,115.0,1,upper_mid,2,2,2.0684,0.0684,0.0
tracker_input,test,114.0,115.0,2,middle,2,1,0.3551,0.6449,1.0
tracker_input,test,114.0,115.0,3,lower_mid,3,1,2.9556,1.9556,2.0
tracker_input,test,114.0,115.0,4,near,5,1,3.9225,2.9225,4.0
tracker_input,test,115.0,116.0,0,far,5,1,2.4495,1.4495,4.0
tracker_input,test,115.0,116.0,1,upper_mid,2,2,2.0026,0.0026,0.0
tracker_input,test,115.0,116.0,2,middle,3,1,1.4225,0.4225,2.0
tracker_input,test,115.0,116.0,3,lower_mid,2,1,1.9449,0.9449,1.0
tracker_input,test,115.0,116.0,4,near,1,1,0.0,1.0,0.0
tracker_input,test,116.0,117.0,0,far,6,2,3.4575,1.4575,4.0
tracker_input,test,116.0,117.0,1,upper_mid,2,1,2.0455,1.0455,1.0
tracker_input,test,116.0,117.0,2,middle,3,1,1.4149,0.4149,2.0
tracker_input,test,116.0,117.0,3,lower_mid,1,1,0.8808,0.1192,0.0
tracker_input,test,116.0,117.0,4,near,1,1,0.0887,0.9113,0.0
tracker_input,test,117.0,118.0,0,far,6,3,3.3174,0.3174,3.0
tracker_input,test,117.0,118.0,1,upper_mid,2,0,2.0707,2.0707,2.0
tracker_input,test,117.0,118.0,2,middle,3,2,1.3094,0.6906,1.0
tracker_input,test,117.0,118.0,3,lower_mid,1,0,0.9256,0.9256,1.0
tracker_input,test,117.0,118.0,4,near,1,2,0.0,2.0,1.0
tracker_input,test,118.0,119.0,0,far,7,2,4.265,2.265,5.0
tracker_input,test,118.0,119.0,1,upper_mid,0,1,0.051,0.949,1.0
tracker_input,test,118.0,119.0,2,middle,4,2,2.2295,0.2295,2.0
tracker_input,test,118.0,119.0,3,lower_mid,0,0,0.0,0.0,0.0
tracker_input,test,118.0,119.0,4,near,3,3,1.8827,1.1173,0.0
tracker_input,test,119.0,120.0,0,far,5,2,1.9535,0.0465,3.0
tracker_input,test,119.0,120.0,1,upper_mid,1,1,1.1232,0.1232,0.0
tracker_input,test,119.0,120.0,2,middle,4,2,1.9679,0.0321,2.0
tracker_input,test,119.0,120.0,3,lower_mid,0,0,0.1114,0.1114,0.0
tracker_input,test,119.0,120.0,4,near,5,2,3.6412,1.6412,3.0
tracker_input,test,120.0,121.0,0,far,7,3,4.2383,1.2383,4.0
tracker_input,test,120.0,121.0,1,upper_mid,1,1,1.078,0.078,0.0
tracker_input,test,120.0,121.0,2,middle,4,2,2.0085,0.0085,2.0
tracker_input,test,120.0,121.0,3,lower_mid,0,1,0.1294,0.8706,1.0
tracker_input,test,120.0,121.0,4,near,5,1,3.4655,2.4655,4.0
tracker_input,test,121.0,122.0,0,far,7,3,4.2779,1.2779,4.0
tracker_input,test,121.0,122.0,1,upper_mid,1,1,1.102,0.102,0.0
tracker_input,test,121.0,122.0,2,middle,4,2,2.071,0.071,2.0
tracker_input,test,121.0,122.0,3,lower_mid,1,1,1.1145,0.1145,0.0
tracker_input,test,121.0,122.0,4,near,2,1,0.6936,0.3064,1.0
tracker_input,test,122.0,123.0,0,far,7,3,4.1904,1.1904,4.0
tracker_input,test,122.0,123.0,1,upper_mid,1,2,1.106,0.894,1.0
tracker_input,test,122.0,123.0,2,middle,4,2,2.1656,0.1656,2.0
tracker_input,test,122.0,123.0,3,lower_mid,1,1,0.9913,0.0087,0.0
tracker_input,test,122.0,123.0,4,near,1,0,0.0,0.0,1.0
