data_split,source_second,target_second,zone_id,zone,current_count,projected_count,actual_next_count,predicted_next_count,predicted_rounded_count,absolute_error,persistence_absolute_error,projection_absolute_error
train,7.0,8.0,0,left_sidewalk,5,5,7,5.7738,6,1.2262,2.0,2.0
train,7.0,8.0,1,center_walkway,4,4,3,4.1235,4,1.1235,1.0,1.0
train,7.0,8.0,2,right_sidewalk,6,6,4,5.7887,6,1.7887,2.0,2.0
train,8.0,9.0,0,left_sidewalk,7,7,7,7.0008,7,0.0008,0.0,0.0
train,8.0,9.0,1,center_walkway,3,3,3,3.6263,4,0.6263,0.0,0.0
train,8.0,9.0,2,right_sidewalk,4,4,4,4.4465,4,0.4465,0.0,0.0
train,9.0,10.0,0,left_sidewalk,7,7,9,6.9773,7,2.0227,2.0,2.0
train,9.0,10.0,1,center_walkway,3,3,3,3.4151,3,0.4151,0.0,0.0
train,9.0,10.0,2,right_sidewalk,4,4,4,5.5719,6,1.5719,0.0,0.0
train,10.0,11.0,0,left_sidewalk,9,8,9,7.9773,8,1.0227,0.0,1.0
train,10.0,11.0,1,center_walkway,3,4,4,4.0634,4,0.0634,1.0,0.0
train,10.0,11.0,2,right_sidewalk,4,4,6,5.4734,5,0.5266,2.0,2.0
train,11.0,12.0,0,left_sidewalk,9,8,7,7.8671,8,0.8671,2.0,1.0
train,11.0,12.0,1,center_walkway,4,5,7,4.8588,5,2.1412,3.0,2.0
train,11.0,12.0,2,right_sidewalk,6,6,8,7.4207,7,0.5793,2.0,2.0
train,12.0,13.0,0,left_sidewalk,7,7,9,8.1144,8,0.8856,2.0,2.0
train,12.0,13.0,1,center_walkway,7,7,7,6.8207,7,0.1793,0.0,0.0
train,12.0,13.0,2,right_sidewalk,8,8,8,8.2327,8,0.2327,0.0,0.0
train,13.0,14.0,0,left_sidewalk,9,9,9,8.8342,9,0.1658,0.0,0.0
train,13.0,14.0,1,center_walkway,7,7,7,6.8834,7,0.1166,0.0,0.0
train,13.0,14.0,2,right_sidewalk,8,8,9,7.9773,8,1.0227,1.0,1.0
train,14.0,15.0,0,left_sidewalk,9,9,8,8.7213,9,0.7213,1.0,1.0
train,14.0,15.0,1,center_walkway,7,7,7,6.9239,7,0.0761,0.0,0.0
train,14.0,15.0,2,right_sidewalk,9,9,7,8.2358,8,1.2358,2.0,2.0
train,15.0,16.0,0,left_sidewalk,8,7,8,7.7208,8,0.2792,0.0,1.0
train,15.0,16.0,1,center_walkway,7,8,6,7.8,8,1.8,1.0,2.0
train,15.0,16.0,2,right_sidewalk,7,7,5,6.8075,7,1.8075,2.0,2.0
train,16.0,17.0,0,left_sidewalk,8,7,10,7.5947,8,2.4053,2.0,3.0
train,16.0,17.0,1,center_walkway,6,7,5,7.2909,7,2.2909,1.0,2.0
train,16.0,17.0,2,right_sidewalk,5,5,6,5.4961,5,0.5039,1.0,1.0
train,17.0,18.0,0,left_sidewalk,10,9,10,9.1047,9,0.8953,0.0,1.0
train,17.0,18.0,1,center_walkway,5,6,6,6.077,6,0.077,1.0,0.0
train,17.0,18.0,2,right_sidewalk,6,6,7,4.9854,5,2.0146,1.0,1.0
train,18.0,19.0,0,left_sidewalk,10,10,8,9.0337,9,1.0337,2.0,2.0
train,18.0,19.0,1,center_walkway,6,6,7,6.4912,6,0.5088,1.0,1.0
train,18.0,19.0,2,right_sidewalk,7,7,5,6.3227,6,1.3227,2.0,2.0
train,19.0,20.0,0,left_sidewalk,8,6,8,8.7613,9,0.7613,0.0,2.0
train,19.0,20.0,1,center_walkway,7,9,9,8.5042,9,0.4958,2.0,0.0
train,19.0,20.0,2,right_sidewalk,5,5,7,4.8879,5,2.1121,2.0,2.0
train,20.0,21.0,0,left_sidewalk,8,8,9,8.0084,8,0.9916,1.0,1.0
train,20.0,21.0,1,center_walkway,9,9,8,8.8347,9,0.8347,1.0,1.0
train,20.0,21.0,2,right_sidewalk,7,7,6,6.3699,6,0.3699,1.0,1.0
train,21.0,22.0,0,left_sidewalk,9,9,9,8.8316,9,0.1684,0.0,0.0
train,21.0,22.0,1,center_walkway,8,8,9,8.1168,8,0.8832,1.0,1.0
train,21.0,22.0,2,right_sidewalk,6,6,4,6.0838,6,2.0838,2.0,2.0
train,22.0,23.0,0,left_sidewalk,9,9,9,8.3982,8,0.6018,0.0,0.0
train,22.0,23.0,1,center_walkway,9,7,7,7.7174,8,0.7174,2.0,0.0
train,22.0,23.0,2,right_sidewalk,4,6,6,6.0331,6,0.0331,2.0,0.0
train,23.0,24.0,0,left_sidewalk,9,9,9,8.989,9,0.011,0.0,0.0
train,23.0,24.0,1,center_walkway,7,7,6,6.9251,7,0.9251,1.0,1.0
train,23.0,24.0,2,right_sidewalk,6,6,5,5.272,5,0.272,1.0,1.0
train,24.0,25.0,0,left_sidewalk,9,10,9,9.3723,9,0.3723,0.0,1.0
train,24.0,25.0,1,center_walkway,6,6,5,6.268,6,1.268,1.0,1.0
train,24.0,25.0,2,right_sidewalk,5,4,4,4.1691,4,0.1691,1.0,0.0
train,25.0,26.0,0,left_sidewalk,9,9,10,9.8008,10,0.1992,1.0,1.0
train,25.0,26.0,1,center_walkway,5,5,6,5.2387,5,0.7613,1.0,1.0
train,25.0,26.0,2,right_sidewalk,4,4,5,4.9092,5,0.0908,1.0,1.0
train,26.0,27.0,0,left_sidewalk,10,10,9,9.6468,10,0.6468,1.0,1.0
train,26.0,27.0,1,center_walkway,6,6,6,6.1351,6,0.1351,0.0,0.0
train,26.0,27.0,2,right_sidewalk,5,5,4,4.2552,4,0.2552,1.0,1.0
train,27.0,28.0,0,left_sidewalk,9,8,10,8.9527,9,1.0473,1.0,2.0
train,27.0,28.0,1,center_walkway,6,6,4,6.0106,6,2.0106,2.0,2.0
train,27.0,28.0,2,right_sidewalk,4,5,5,4.9521,5,0.0479,1.0,0.0
train,28.0,29.0,0,left_sidewalk,10,9,9,9.607,10,0.607,1.0,0.0
train,28.0,29.0,1,center_walkway,4,5,5,4.9538,5,0.0462,1.0,0.0
train,28.0,29.0,2,right_sidewalk,5,5,8,6.6504,7,1.3496,3.0,3.0
train,29.0,30.0,0,left_sidewalk,9,7,7,7.6519,8,0.6519,2.0,0.0
train,29.0,30.0,1,center_walkway,5,7,6,6.7698,7,0.7698,1.0,1.0
train,29.0,30.0,2,right_sidewalk,8,8,7,7.5388,8,0.5388,1.0,1.0
train,30.0,31.0,0,left_sidewalk,7,6,8,7.7119,8,0.2881,1.0,2.0
train,30.0,31.0,1,center_walkway,6,7,7,6.8782,7,0.1218,1.0,0.0
train,30.0,31.0,2,right_sidewalk,7,7,6,6.9759,7,0.9759,1.0,1.0
train,31.0,32.0,0,left_sidewalk,8,7,6,6.7592,7,0.7592,2.0,1.0
train,31.0,32.0,1,center_walkway,7,8,8,7.5709,8,0.4291,1.0,0.0
train,31.0,32.0,2,right_sidewalk,6,6,6,5.9886,6,0.0114,0.0,0.0
train,32.0,33.0,0,left_sidewalk,6,7,7,6.8855,7,0.1145,1.0,0.0
train,32.0,33.0,1,center_walkway,8,6,7,6.0589,6,0.9411,1.0,1.0
train,32.0,33.0,2,right_sidewalk,6,7,10,6.9196,7,3.0804,4.0,3.0
train,33.0,34.0,0,left_sidewalk,7,6,6,6.2848,6,0.2848,1.0,0.0
train,33.0,34.0,1,center_walkway,7,8,7,7.7927,8,0.7927,0.0,1.0
train,33.0,34.0,2,right_sidewalk,10,10,7,8.1757,8,1.1757,3.0,3.0
train,34.0,35.0,0,left_sidewalk,6,6,6,6.0609,6,0.0609,0.0,0.0
train,34.0,35.0,1,center_walkway,7,7,7,7.4381,7,0.4381,0.0,0.0
train,34.0,35.0,2,right_sidewalk,7,7,7,7.03,7,0.03,0.0,0.0
train,35.0,36.0,0,left_sidewalk,6,6,5,6.6189,7,1.6189,1.0,1.0
train,35.0,36.0,1,center_walkway,7,7,8,6.9267,7,1.0733,1.0,1.0
train,35.0,36.0,2,right_sidewalk,7,7,6,6.8814,7,0.8814,1.0,1.0
train,36.0,37.0,0,left_sidewalk,5,5,7,5.5862,6,1.4138,2.0,2.0
train,36.0,37.0,1,center_walkway,8,9,8,8.5866,9,0.5866,0.0,1.0
train,36.0,37.0,2,right_sidewalk,6,5,5,5.2292,5,0.2292,1.0,0.0
train,37.0,38.0,0,left_sidewalk,7,7,7,6.9773,7,0.0227,0.0,0.0
train,37.0,38.0,1,center_walkway,8,8,9,8.0068,8,0.9932,1.0,1.0
train,37.0,38.0,2,right_sidewalk,5,5,5,5.1957,5,0.1957,0.0,0.0
train,38.0,39.0,0,left_sidewalk,7,8,7,7.6988,8,0.6988,0.0,1.0
train,38.0,39.0,1,center_walkway,9,8,8,7.7925,8,0.2075,1.0,0.0
train,38.0,39.0,2,right_sidewalk,5,5,5,5.1444,5,0.1444,0.0,0.0
train,39.0,40.0,0,left_sidewalk,7,7,7,7.3395,7,0.3395,0.0,0.0
train,39.0,40.0,1,center_walkway,8,8,8,7.8223,8,0.1777,0.0,0.0
train,39.0,40.0,2,right_sidewalk,5,5,3,4.3084,4,1.3084,2.0,2.0
train,40.0,41.0,0,left_sidewalk,7,10,10,9.7324,10,0.2676,3.0,0.0
train,40.0,41.0,1,center_walkway,8,5,3,4.4526,4,1.4526,5.0,2.0
train,40.0,41.0,2,right_sidewalk,3,3,2,2.9464,3,0.9464,1.0,1.0
train,41.0,42.0,0,left_sidewalk,10,10,9,9.7802,10,0.7802,1.0,1.0
train,41.0,42.0,1,center_walkway,3,3,3,2.652,3,0.348,0.0,0.0
train,41.0,42.0,2,right_sidewalk,2,2,2,2.4851,2,0.4851,0.0,0.0
train,42.0,43.0,0,left_sidewalk,9,9,10,9.8611,10,0.1389,1.0,1.0
train,42.0,43.0,1,center_walkway,3,3,2,3.1274,3,1.1274,1.0,1.0
train,42.0,43.0,2,right_sidewalk,2,2,5,4.5015,5,0.4985,3.0,3.0
train,43.0,44.0,0,left_sidewalk,10,10,8,9.9848,10,1.9848,2.0,2.0
train,43.0,44.0,1,center_walkway,2,2,2,2.5321,3,0.5321,0.0,0.0
train,43.0,44.0,2,right_sidewalk,5,5,10,7.8283,8,2.1717,5.0,5.0
train,44.0,45.0,0,left_sidewalk,8,8,9,9.5896,10,0.5896,1.0,1.0
train,44.0,45.0,1,center_walkway,2,2,2,2.1259,2,0.1259,0.0,0.0
train,44.0,45.0,2,right_sidewalk,10,10,10,10.2377,10,0.2377,0.0,0.0
train,45.0,46.0,0,left_sidewalk,9,9,10,10.2134,10,0.2134,1.0,1.0
train,45.0,46.0,1,center_walkway,2,2,0,1.9151,2,1.9151,2.0,2.0
train,45.0,46.0,2,right_sidewalk,10,10,11,9.9773,10,1.0227,1.0,1.0
train,46.0,47.0,0,left_sidewalk,10,9,10,9.4012,9,0.5988,0.0,1.0
train,46.0,47.0,1,center_walkway,0,1,0,0.91,1,0.91,0.0,1.0
train,46.0,47.0,2,right_sidewalk,11,11,8,10.7665,11,2.7665,3.0,3.0
train,47.0,48.0,0,left_sidewalk,10,10,12,11.6517,12,0.3483,2.0,2.0
train,47.0,48.0,1,center_walkway,0,0,0,0.0,0,0.0,0.0,0.0
train,47.0,48.0,2,right_sidewalk,8,8,9,8.6675,9,0.3325,1.0,1.0
train,48.0,49.0,0,left_sidewalk,12,11,12,11.9483,12,0.0517,0.0,1.0
train,48.0,49.0,1,center_walkway,0,1,1,0.7995,1,0.2005,1.0,0.0
train,48.0,49.0,2,right_sidewalk,9,9,10,10.0995,10,0.0995,1.0,1.0
train,49.0,50.0,0,left_sidewalk,12,12,10,11.371,11,1.371,2.0,2.0
train,49.0,50.0,1,center_walkway,1,1,1,1.7367,2,0.7367,0.0,0.0
train,49.0,50.0,2,right_sidewalk,10,10,10,10.0368,10,0.0368,0.0,0.0
train,50.0,51.0,0,left_sidewalk,10,9,11,10.74,11,0.26,1.0,2.0
train,50.0,51.0,1,center_walkway,1,2,4,2.8145,3,1.1855,3.0,2.0
train,50.0,51.0,2,right_sidewalk,10,10,10,10.0212,10,0.0212,0.0,0.0
train,51.0,52.0,0,left_sidewalk,11,11,12,11.4035,11,0.5965,1.0,1.0
train,51.0,52.0,1,center_walkway,4,5,4,4.7767,5,0.7767,0.0,1.0
train,51.0,52.0,2,right_sidewalk,10,9,10,9.5999,10,0.4001,0.0,1.0
train,52.0,53.0,0,left_sidewalk,12,11,9,9.9762,10,0.9762,3.0,2.0
train,52.0,53.0,1,center_walkway,4,5,6,5.0084,5,0.9916,2.0,1.0
train,52.0,53.0,2,right_sidewalk,10,10,10,9.9646,10,0.0354,0.0,0.0
train,53.0,54.0,0,left_sidewalk,9,9,10,9.7725,10,0.2275,1.0,1.0
train,53.0,54.0,1,center_walkway,6,6,6,6.1464,6,0.1464,0.0,0.0
train,53.0,54.0,2,right_sidewalk,10,10,10,9.8455,10,0.1545,0.0,0.0
train,54.0,55.0,0,left_sidewalk,10,10,10,9.8904,10,0.1096,0.0,0.0
train,54.0,55.0,1,center_walkway,6,6,6,6.1631,6,0.1631,0.0,0.0
train,54.0,55.0,2,right_sidewalk,10,10,13,9.9365,10,3.0635,3.0,3.0
train,55.0,56.0,0,left_sidewalk,10,10,10,9.5028,10,0.4972,0.0,0.0
train,55.0,56.0,1,center_walkway,6,6,5,5.8511,6,0.8511,1.0,1.0
train,55.0,56.0,2,right_sidewalk,13,13,14,12.3169,12,1.6831,1.0,1.0
train,56.0,57.0,0,left_sidewalk,10,10,8,9.8508,10,1.8508,2.0,2.0
train,56.0,57.0,1,center_walkway,5,5,5,5.3399,5,0.3399,0.0,0.0
train,56.0,57.0,2,right_sidewalk,14,14,15,13.3619,13,1.6381,1.0,1.0
train,57.0,58.0,0,left_sidewalk,8,7,10,8.3862,8,1.6138,2.0,3.0
train,57.0,58.0,1,center_walkway,5,6,6,6.0258,6,0.0258,1.0,0.0
train,57.0,58.0,2,right_sidewalk,15,15,12,14.5314,15,2.5314,3.0,3.0
train,58.0,59.0,0,left_sidewalk,10,10,10,9.4789,9,0.5211,0.0,0.0
train,58.0,59.0,1,center_walkway,6,6,6,6.3645,6,0.3645,0.0,0.0
train,58.0,59.0,2,right_sidewalk,12,12,13,12.1927,12,0.8073,1.0,1.0
train,59.0,60.0,0,left_sidewalk,10,9,7,8.3669,8,1.3669,3.0,2.0
train,59.0,60.0,1,center_walkway,6,7,8,6.9483,7,1.0517,2.0,1.0
train,59.0,60.0,2,right_sidewalk,13,13,14,12.8169,13,1.1831,1.0,1.0
train,60.0,61.0,0,left_sidewalk,7,8,8,8.2812,8,0.2812,1.0,0.0
train,60.0,61.0,1,center_walkway,8,7,9,6.9948,7,2.0052,1.0,2.0
train,60.0,61.0,2,right_sidewalk,14,14,12,13.0442,13,1.0442,2.0,2.0
train,61.0,62.0,0,left_sidewalk,8,8,8,8.2149,8,0.2149,0.0,0.0
train,61.0,62.0,1,center_walkway,9,9,8,8.6335,9,0.6335,1.0,1.0
train,61.0,62.0,2,right_sidewalk,12,12,13,12.021,12,0.979,1.0,1.0
train,62.0,63.0,0,left_sidewalk,8,7,10,8.7709,9,1.2291,2.0,3.0
train,62.0,63.0,1,center_walkway,8,10,9,9.4496,9,0.4496,1.0,1.0
train,62.0,63.0,2,right_sidewalk,13,12,10,11.5362,12,1.5362,3.0,2.0
train,63.0,64.0,0,left_sidewalk,10,9,9,8.7462,9,0.2538,1.0,0.0
train,63.0,64.0,1,center_walkway,9,10,9,9.7526,10,0.7526,0.0,1.0
train,63.0,64.0,2,right_sidewalk,10,10,8,8.7823,9,0.7823,2.0,2.0
train,64.0,65.0,0,left_sidewalk,9,9,9,8.9015,9,0.0985,0.0,0.0
train,64.0,65.0,1,center_walkway,9,10,12,9.9115,10,2.0885,3.0,2.0
train,64.0,65.0,2,right_sidewalk,8,7,6,7.1905,7,1.1905,2.0,1.0
train,65.0,66.0,0,left_sidewalk,9,8,8,8.2895,8,0.2895,1.0,0.0
train,65.0,66.0,1,center_walkway,12,13,12,12.3981,12,0.3981,0.0,1.0
train,65.0,66.0,2,right_sidewalk,6,6,6,5.695,6,0.305,0.0,0.0
train,66.0,67.0,0,left_sidewalk,8,8,8,8.65,9,0.65,0.0,0.0
train,66.0,67.0,1,center_walkway,12,14,11,13.1934,13,2.1934,1.0,3.0
train,66.0,67.0,2,right_sidewalk,6,4,4,3.5676,4,0.4324,2.0,0.0
train,67.0,68.0,0,left_sidewalk,8,8,9,8.6836,9,0.3164,1.0,1.0
train,67.0,68.0,1,center_walkway,11,12,14,11.7455,12,2.2545,3.0,2.0
train,67.0,68.0,2,right_sidewalk,4,3,3,3.4011,3,0.4011,1.0,0.0
train,68.0,69.0,0,left_sidewalk,9,9,11,8.8998,9,2.1002,2.0,2.0
train,68.0,69.0,1,center_walkway,14,14,12,13.2378,13,1.2378,2.0,2.0
train,68.0,69.0,2,right_sidewalk,3,3,3,3.1476,3,0.1476,0.0,0.0
train,69.0,70.0,0,left_sidewalk,11,11,11,10.7449,11,0.2551,0.0,0.0
train,69.0,70.0,1,center_walkway,12,12,10,11.4664,11,1.4664,2.0,2.0
train,69.0,70.0,2,right_sidewalk,3,3,3,3.3548,3,0.3548,0.0,0.0
train,70.0,71.0,0,left_sidewalk,11,10,11,10.9322,11,0.0678,0.0,1.0
train,70.0,71.0,1,center_walkway,10,11,9,10.9115,11,1.9115,1.0,2.0
train,70.0,71.0,2,right_sidewalk,3,3,4,3.8258,4,0.1742,1.0,1.0
train,71.0,72.0,0,left_sidewalk,11,11,11,11.2688,11,0.2688,0.0,0.0
train,71.0,72.0,1,center_walkway,9,9,10,9.6829,10,0.3171,1.0,1.0
train,71.0,72.0,2,right_sidewalk,4,4,5,4.6155,5,0.3845,1.0,1.0
train,72.0,73.0,0,left_sidewalk,11,8,11,10.4003,10,0.5997,0.0,3.0
train,72.0,73.0,1,center_walkway,10,13,11,12.0313,12,1.0313,1.0,2.0
train,72.0,73.0,2,right_sidewalk,5,5,5,5.0179,5,0.0179,0.0,0.0
train,73.0,74.0,0,left_sidewalk,11,10,10,9.954,10,0.046,1.0,0.0
train,73.0,74.0,1,center_walkway,11,12,10,11.022,11,1.022,1.0,2.0
train,73.0,74.0,2,right_sidewalk,5,5,4,4.9789,5,0.9789,1.0,1.0
train,74.0,75.0,0,left_sidewalk,10,10,7,10.1263,10,3.1263,3.0,3.0
train,74.0,75.0,1,center_walkway,10,11,11,10.8645,11,0.1355,1.0,0.0
train,74.0,75.0,2,right_sidewalk,4,3,4,3.6094,4,0.3906,0.0,1.0
train,75.0,76.0,0,left_sidewalk,7,6,7,7.4802,7,0.4802,0.0,1.0
train,75.0,76.0,1,center_walkway,11,12,11,11.4671,11,0.4671,0.0,1.0
train,75.0,76.0,2,right_sidewalk,4,4,3,3.9874,4,0.9874,1.0,1.0
train,76.0,77.0,0,left_sidewalk,7,7,6,7.0842,7,1.0842,1.0,1.0
train,76.0,77.0,1,center_walkway,11,11,10,10.7386,11,0.7386,1.0,1.0
train,76.0,77.0,2,right_sidewalk,3,3,1,2.1219,2,1.1219,2.0,2.0
train,77.0,78.0,0,left_sidewalk,6,7,7,7.0781,7,0.0781,1.0,0.0
train,77.0,78.0,1,center_walkway,10,9,8,9.2119,9,1.2119,2.0,1.0
train,77.0,78.0,2,right_sidewalk,1,1,2,1.3058,1,0.6942,1.0,1.0
train,78.0,79.0,0,left_sidewalk,7,7,7,7.3912,7,0.3912,0.0,0.0
train,78.0,79.0,1,center_walkway,8,9,9,8.9358,9,0.0642,1.0,0.0
train,78.0,79.0,2,right_sidewalk,2,1,1,1.3053,1,0.3053,1.0,0.0
train,79.0,80.0,0,left_sidewalk,7,7,6,6.7569,7,0.7569,1.0,1.0
train,79.0,80.0,1,center_walkway,9,8,10,8.3386,8,1.6614,1.0,2.0
train,79.0,80.0,2,right_sidewalk,1,2,2,2.2295,2,0.2295,1.0,0.0
train,80.0,81.0,0,left_sidewalk,6,6,5,6.3104,6,1.3104,1.0,1.0
train,80.0,81.0,1,center_walkway,10,10,10,9.405,9,0.595,0.0,0.0
train,80.0,81.0,2,right_sidewalk,2,2,3,3.061,3,0.061,1.0,1.0
train,81.0,82.0,0,left_sidewalk,5,5,5,5.3021,5,0.3021,0.0,0.0
train,81.0,82.0,1,center_walkway,10,9,9,8.8012,9,0.1988,1.0,0.0
train,81.0,82.0,2,right_sidewalk,3,4,4,3.9773,4,0.0227,1.0,0.0
train,82.0,83.0,0,left_sidewalk,5,5,5,5.4058,5,0.4058,0.0,0.0
train,82.0,83.0,1,center_walkway,9,9,8,8.8937,9,0.8937,1.0,1.0
train,82.0,83.0,2,right_sidewalk,4,4,4,4.0117,4,0.0117,0.0,0.0
train,83.0,84.0,0,left_sidewalk,5,5,4,5.1511,5,1.1511,1.0,1.0
train,83.0,84.0,1,center_walkway,8,9,12,8.926,9,3.074,4.0,3.0
train,83.0,84.0,2,right_sidewalk,4,3,3,3.7408,4,0.7408,1.0,0.0
train,84.0,85.0,0,left_sidewalk,4,4,3,4.0567,4,1.0567,1.0,1.0
train,84.0,85.0,1,center_walkway,12,12,10,11.3143,11,1.3143,2.0,2.0
train,84.0,85.0,2,right_sidewalk,3,3,5,3.4015,3,1.5985,2.0,2.0
train,85.0,86.0,0,left_sidewalk,3,3,5,2.9241,3,2.0759,2.0,2.0
train,85.0,86.0,1,center_walkway,10,10,7,9.7443,10,2.7443,3.0,3.0
train,85.0,86.0,2,right_sidewalk,5,5,5,4.9773,5,0.0227,0.0,0.0
train,86.0,87.0,0,left_sidewalk,5,5,4,5.1567,5,1.1567,1.0,1.0
train,86.0,87.0,1,center_walkway,7,8,11,8.3114,8,2.6886,4.0,3.0
train,86.0,87.0,2,right_sidewalk,5,4,5,4.4544,4,0.5456,0.0,1.0
train,87.0,88.0,0,left_sidewalk,4,4,4,4.0606,4,0.0606,0.0,0.0
train,87.0,88.0,1,center_walkway,11,12,11,11.3163,11,0.3163,0.0,1.0
train,87.0,88.0,2,right_sidewalk,5,4,6,4.6657,5,1.3343,1.0,2.0
train,88.0,89.0,0,left_sidewalk,4,4,4,4.1518,4,0.1518,0.0,0.0
train,88.0,89.0,1,center_walkway,11,11,11,10.8524,11,0.1476,0.0,0.0
train,88.0,89.0,2,right_sidewalk,6,6,6,5.9773,6,0.0227,0.0,0.0
train,89.0,90.0,0,left_sidewalk,4,5,5,4.9773,5,0.0227,1.0,0.0
train,89.0,90.0,1,center_walkway,11,10,10,10.0073,10,0.0073,1.0,0.0
train,89.0,90.0,2,right_sidewalk,6,6,7,5.9743,6,1.0257,1.0,1.0
train,90.0,91.0,0,left_sidewalk,5,5,5,4.9773,5,0.0227,0.0,0.0
train,90.0,91.0,1,center_walkway,10,8,9,8.3757,8,0.6243,1.0,1.0
train,90.0,91.0,2,right_sidewalk,7,9,8,8.2955,8,0.2955,1.0,1.0
train,91.0,92.0,0,left_sidewalk,5,5,5,5.3251,5,0.3251,0.0,0.0
train,91.0,92.0,1,center_walkway,9,8,8,7.9723,8,0.0277,1.0,0.0
train,91.0,92.0,2,right_sidewalk,8,9,8,8.4442,8,0.4442,0.0,1.0
train,92.0,93.0,0,left_sidewalk,5,5,5,5.5287,6,0.5287,0.0,0.0
train,92.0,93.0,1,center_walkway,8,8,8,8.1177,8,0.1177,0.0,0.0
train,92.0,93.0,2,right_sidewalk,8,8,9,8.0564,8,0.9436,1.0,1.0
train,93.0,94.0,0,left_sidewalk,5,5,5,5.0493,5,0.0493,0.0,0.0
train,93.0,94.0,1,center_walkway,8,8,5,7.9859,8,2.9859,3.0,3.0
train,93.0,94.0,2,right_sidewalk,9,9,9,8.6488,9,0.3512,0.0,0.0
train,94.0,95.0,0,left_sidewalk,5,5,5,5.3885,5,0.3885,0.0,0.0
train,94.0,95.0,1,center_walkway,5,5,5,5.8315,6,0.8315,0.0,0.0
train,94.0,95.0,2,right_sidewalk,9,9,11,9.1,9,1.9,2.0,2.0
train,95.0,96.0,0,left_sidewalk,5,5,4,5.3467,5,1.3467,1.0,1.0
train,95.0,96.0,1,center_walkway,5,5,7,5.5816,6,1.4184,2.0,2.0
train,95.0,96.0,2,right_sidewalk,11,11,10,10.0021,10,0.0021,1.0,1.0
train,96.0,97.0,0,left_sidewalk,4,4,5,4.5276,5,0.4724,1.0,1.0
train,96.0,97.0,1,center_walkway,7,7,5,6.7684,7,1.7684,2.0,2.0
train,96.0,97.0,2,right_sidewalk,10,10,9,9.8155,10,0.8155,1.0,1.0
train,97.0,98.0,0,left_sidewalk,5,5,5,5.0402,5,0.0402,0.0,0.0
train,97.0,98.0,1,center_walkway,5,5,5,5.2741,5,0.2741,0.0,0.0
train,97.0,98.0,2,right_sidewalk,9,9,10,9.2071,9,0.7929,1.0,1.0
train,98.0,99.0,0,left_sidewalk,5,5,4,5.0226,5,1.0226,1.0,1.0
train,98.0,99.0,1,center_walkway,5,6,5,6.0003,6,1.0003,0.0,1.0
train,98.0,99.0,2,right_sidewalk,10,9,11,9.0629,9,1.9371,1.0,2.0
train,99.0,100.0,0,left_sidewalk,4,3,4,3.6681,4,0.3319,0.0,1.0
train,99.0,100.0,1,center_walkway,5,6,5,5.9773,6,0.9773,0.0,1.0
train,99.0,100.0,2,right_sidewalk,11,11,7,10.6144,11,3.6144,4.0,4.0
train,100.0,101.0,0,left_sidewalk,4,4,4,4.0168,4,0.0168,0.0,0.0
train,100.0,101.0,1,center_walkway,5,5,6,5.3037,5,0.6963,1.0,1.0
train,100.0,101.0,2,right_sidewalk,7,7,8,7.3968,7,0.6032,1.0,1.0
train,101.0,102.0,0,left_sidewalk,4,3,3,3.2602,3,0.2602,1.0,0.0
train,101.0,102.0,1,center_walkway,6,8,8,7.5024,8,0.4976,2.0,0.0
train,101.0,102.0,2,right_sidewalk,8,7,6,7.1463,7,1.1463,2.0,1.0
train,102.0,103.0,0,left_sidewalk,3,3,3,2.9773,3,0.0227,0.0,0.0
train,102.0,103.0,1,center_walkway,8,8,9,8.1854,8,0.8146,1.0,1.0
train,102.0,103.0,2,right_sidewalk,6,6,6,6.0199,6,0.0199,0.0,0.0
train,103.0,104.0,0,left_sidewalk,3,3,4,2.9773,3,1.0227,1.0,1.0
train,103.0,104.0,1,center_walkway,9,9,8,8.8068,9,0.8068,1.0,1.0
train,103.0,104.0,2,right_sidewalk,6,6,7,5.9831,6,1.0169,1.0,1.0
train,104.0,105.0,0,left_sidewalk,4,4,4,3.9773,4,0.0227,0.0,0.0
train,104.0,105.0,1,center_walkway,8,8,8,7.7364,8,0.2636,0.0,0.0
train,104.0,105.0,2,right_sidewalk,7,7,8,6.9773,7,1.0227,1.0,1.0
train,105.0,106.0,0,left_sidewalk,4,4,4,3.9773,4,0.0227,0.0,0.0
train,105.0,106.0,1,center_walkway,8,9,8,8.709,9,0.709,0.0,1.0
train,105.0,106.0,2,right_sidewalk,8,7,7,6.9865,7,0.0135,1.0,0.0
train,106.0,107.0,0,left_sidewalk,4,5,4,4.8303,5,0.8303,0.0,1.0
train,106.0,107.0,1,center_walkway,8,7,7,7.1457,7,0.1457,1.0,0.0
train,106.0,107.0,2,right_sidewalk,7,7,8,7.0437,7,0.9563,1.0,1.0
train,107.0,108.0,0,left_sidewalk,4,4,5,4.6371,5,0.3629,1.0,1.0
train,107.0,108.0,1,center_walkway,7,7,7,7.0213,7,0.0213,0.0,0.0
train,107.0,108.0,2,right_sidewalk,8,8,7,8.0349,8,1.0349,1.0,1.0
train,108.0,109.0,0,left_sidewalk,5,5,4,4.9773,5,0.9773,1.0,1.0
train,108.0,109.0,1,center_walkway,7,7,7,7.1076,7,0.1076,0.0,0.0
train,108.0,109.0,2,right_sidewalk,7,7,8,7.3326,7,0.6674,1.0,1.0
train,109.0,110.0,0,left_sidewalk,4,4,4,4.0077,4,0.0077,0.0,0.0
train,109.0,110.0,1,center_walkway,7,7,6,7.0933,7,1.0933,1.0,1.0
train,109.0,110.0,2,right_sidewalk,8,8,7,8.009,8,1.009,1.0,1.0
train,110.0,111.0,0,left_sidewalk,4,4,4,4.332,4,0.332,0.0,0.0
train,110.0,111.0,1,center_walkway,6,6,7,6.2126,6,0.7874,1.0,1.0
train,110.0,111.0,2,right_sidewalk,7,7,8,7.4812,7,0.5188,1.0,1.0
train,111.0,112.0,0,left_sidewalk,4,4,3,4.1215,4,1.1215,1.0,1.0
train,111.0,112.0,1,center_walkway,7,7,6,6.9375,7,0.9375,1.0,1.0
train,111.0,112.0,2,right_sidewalk,8,8,9,8.0018,8,0.9982,1.0,1.0
train,112.0,113.0,0,left_sidewalk,3,4,4,4.0056,4,0.0056,1.0,0.0
train,112.0,113.0,1,center_walkway,6,5,4,5.4551,5,1.4551,2.0,1.0
train,112.0,113.0,2,right_sidewalk,9,9,7,8.8081,9,1.8081,2.0,2.0
train,113.0,114.0,0,left_sidewalk,4,4,5,4.6139,5,0.3861,1.0,1.0
train,113.0,114.0,1,center_walkway,4,5,3,4.9777,5,1.9777,1.0,2.0
train,113.0,114.0,2,right_sidewalk,7,6,7,6.6769,7,0.3231,0.0,1.0
train,114.0,115.0,0,left_sidewalk,5,5,5,4.9773,5,0.0227,0.0,0.0
train,114.0,115.0,1,center_walkway,3,4,6,4.1548,4,1.8452,3.0,2.0
train,114.0,115.0,2,right_sidewalk,7,6,2,6.2188,6,4.2188,5.0,4.0
train,115.0,116.0,0,left_sidewalk,5,5,6,4.9773,5,1.0227,1.0,1.0
train,115.0,116.0,1,center_walkway,6,6,5,5.7452,6,0.7452,1.0,1.0
train,115.0,116.0,2,right_sidewalk,2,2,2,2.3298,2,0.3298,0.0,0.0
train,116.0,117.0,0,left_sidewalk,6,6,6,5.9773,6,0.0227,0.0,0.0
train,116.0,117.0,1,center_walkway,5,5,5,5.0165,5,0.0165,0.0,0.0
train,116.0,117.0,2,right_sidewalk,2,2,2,2.9114,3,0.9114,0.0,0.0
train,117.0,118.0,0,left_sidewalk,6,6,5,5.9773,6,0.9773,1.0,1.0
train,117.0,118.0,1,center_walkway,5,5,5,5.0497,5,0.0497,0.0,0.0
train,117.0,118.0,2,right_sidewalk,2,2,4,3.432,3,0.568,2.0,2.0
train,118.0,119.0,0,left_sidewalk,5,5,5,5.6051,6,0.6051,0.0,0.0
train,118.0,119.0,1,center_walkway,5,5,4,5.0368,5,1.0368,1.0,1.0
train,118.0,119.0,2,right_sidewalk,4,4,6,5.0776,5,0.9224,2.0,2.0
train,119.0,120.0,0,left_sidewalk,5,4,6,5.05,5,0.95,1.0,2.0
train,119.0,120.0,1,center_walkway,4,5,6,4.9278,5,1.0722,2.0,1.0
train,119.0,120.0,2,right_sidewalk,6,6,5,6.1097,6,1.1097,1.0,1.0
train,120.0,121.0,0,left_sidewalk,6,5,4,5.1601,5,1.1601,2.0,1.0
train,120.0,121.0,1,center_walkway,6,7,6,6.5078,7,0.5078,0.0,1.0
train,120.0,121.0,2,right_sidewalk,5,5,5,5.2034,5,0.2034,0.0,0.0
train,121.0,122.0,0,left_sidewalk,4,4,4,3.9862,4,0.0138,0.0,0.0
train,121.0,122.0,1,center_walkway,6,6,6,6.1887,6,0.1887,0.0,0.0
train,121.0,122.0,2,right_sidewalk,5,5,4,4.9773,5,0.9773,1.0,1.0
train,122.0,123.0,0,left_sidewalk,4,4,5,4.344,4,0.656,1.0,1.0
train,122.0,123.0,1,center_walkway,6,6,5,5.8688,6,0.8688,1.0,1.0
train,122.0,123.0,2,right_sidewalk,4,4,4,3.372,3,0.628,0.0,0.0
train,123.0,124.0,0,left_sidewalk,5,5,5,4.9773,5,0.0227,0.0,0.0
train,123.0,124.0,1,center_walkway,5,5,5,5.194,5,0.194,0.0,0.0
train,123.0,124.0,2,right_sidewalk,4,4,3,3.9773,4,0.9773,1.0,1.0
train,124.0,125.0,0,left_sidewalk,5,5,5,4.9971,5,0.0029,0.0,0.0
train,124.0,125.0,1,center_walkway,5,5,4,5.103,5,1.103,1.0,1.0
train,124.0,125.0,2,right_sidewalk,3,3,5,3.7277,4,1.2723,2.0,2.0
train,125.0,126.0,0,left_sidewalk,5,4,5,4.4091,4,0.5909,0.0,1.0
train,125.0,126.0,1,center_walkway,4,5,5,5.1543,5,0.1543,1.0,0.0
train,125.0,126.0,2,right_sidewalk,5,5,5,5.3794,5,0.3794,0.0,0.0
train,126.0,127.0,0,left_sidewalk,5,6,8,5.982,6,2.018,3.0,2.0
train,126.0,127.0,1,center_walkway,5,4,4,4.1179,4,0.1179,1.0,0.0
train,126.0,127.0,2,right_sidewalk,5,5,6,5.8094,6,0.1906,1.0,1.0
train,127.0,128.0,0,left_sidewalk,8,9,11,8.6808,9,2.3192,3.0,2.0
train,127.0,128.0,1,center_walkway,4,3,2,3.3093,3,1.3093,2.0,1.0
train,127.0,128.0,2,right_sidewalk,6,6,6,6.1491,6,0.1491,0.0,0.0
train,128.0,129.0,0,left_sidewalk,11,12,12,11.1193,11,0.8807,1.0,0.0
train,128.0,129.0,1,center_walkway,2,1,3,1.7867,2,1.2133,1.0,2.0
train,128.0,129.0,2,right_sidewalk,6,6,6,6.6091,7,0.6091,0.0,0.0
train,129.0,130.0,0,left_sidewalk,12,12,12,11.4805,11,0.5195,0.0,0.0
train,129.0,130.0,1,center_walkway,3,3,3,3.7025,4,0.7025,0.0,0.0
train,129.0,130.0,2,right_sidewalk,6,6,6,6.811,7,0.811,0.0,0.0
train,130.0,131.0,0,left_sidewalk,12,12,14,12.0504,12,1.9496,2.0,2.0
train,130.0,131.0,1,center_walkway,3,2,4,3.0442,3,0.9558,1.0,2.0
train,130.0,131.0,2,right_sidewalk,6,7,7,7.1623,7,0.1623,1.0,0.0
train,131.0,132.0,0,left_sidewalk,14,14,12,13.4314,13,1.4314,2.0,2.0
train,131.0,132.0,1,center_walkway,4,4,4,4.1894,4,0.1894,0.0,0.0
train,131.0,132.0,2,right_sidewalk,7,7,8,8.2102,8,0.2102,1.0,1.0
train,132.0,133.0,0,left_sidewalk,12,12,14,12.7142,13,1.2858,2.0,2.0
train,132.0,133.0,1,center_walkway,4,5,5,5.1784,5,0.1784,1.0,0.0
train,132.0,133.0,2,right_sidewalk,8,7,7,7.0238,7,0.0238,1.0,0.0
train,133.0,134.0,0,left_sidewalk,14,14,14,13.6853,14,0.3147,0.0,0.0
train,133.0,134.0,1,center_walkway,5,5,6,5.1538,5,0.8462,1.0,1.0
train,133.0,134.0,2,right_sidewalk,7,7,8,6.9773,7,1.0227,1.0,1.0
train,134.0,135.0,0,left_sidewalk,14,14,13,12.9938,13,0.0062,1.0,1.0
train,134.0,135.0,1,center_walkway,6,6,6,5.9893,6,0.0107,0.0,0.0
train,134.0,135.0,2,right_sidewalk,8,8,6,7.9121,8,1.9121,2.0,2.0
train,135.0,136.0,0,left_sidewalk,13,13,12,13.0757,13,1.0757,1.0,1.0
train,135.0,136.0,1,center_walkway,6,6,5,6.1312,6,1.1312,1.0,1.0
train,135.0,136.0,2,right_sidewalk,6,6,7,6.1889,6,0.8111,1.0,1.0
train,136.0,137.0,0,left_sidewalk,12,12,11,11.9761,12,0.9761,1.0,1.0
train,136.0,137.0,1,center_walkway,5,4,5,4.8125,5,0.1875,0.0,1.0
train,136.0,137.0,2,right_sidewalk,7,8,7,7.2649,7,0.2649,0.0,1.0
train,137.0,138.0,0,left_sidewalk,11,11,12,11.4114,11,0.5886,1.0,1.0
train,137.0,138.0,1,center_walkway,5,4,5,4.6226,5,0.3774,0.0,1.0
train,137.0,138.0,2,right_sidewalk,7,8,8,7.3176,7,0.6824,1.0,0.0
train,138.0,139.0,0,left_sidewalk,12,12,11,11.5814,12,0.5814,1.0,1.0
train,138.0,139.0,1,center_walkway,5,4,4,4.4325,4,0.4325,1.0,0.0
train,138.0,139.0,2,right_sidewalk,8,9,6,8.301,8,2.301,2.0,3.0
train,139.0,140.0,0,left_sidewalk,11,11,11,11.5151,12,0.5151,0.0,0.0
train,139.0,140.0,1,center_walkway,4,4,5,4.0938,4,0.9062,1.0,1.0
train,139.0,140.0,2,right_sidewalk,6,6,4,4.8657,5,0.8657,2.0,2.0
train,140.0,141.0,0,left_sidewalk,11,11,12,11.1114,11,0.8886,1.0,1.0
train,140.0,141.0,1,center_walkway,5,5,4,5.0325,5,1.0325,1.0,1.0
train,140.0,141.0,2,right_sidewalk,4,4,5,4.1792,4,0.8208,1.0,1.0
train,141.0,142.0,0,left_sidewalk,12,12,10,11.3223,11,1.3223,2.0,2.0
train,141.0,142.0,1,center_walkway,4,4,4,4.2708,4,0.2708,0.0,0.0
train,141.0,142.0,2,right_sidewalk,5,5,7,5.8331,6,1.1669,2.0,2.0
train,142.0,143.0,0,left_sidewalk,10,10,10,10.7931,11,0.7931,0.0,0.0
train,142.0,143.0,1,center_walkway,4,4,4,4.4141,4,0.4141,0.0,0.0
train,142.0,143.0,2,right_sidewalk,7,7,6,7.6265,8,1.6265,1.0,1.0
train,143.0,144.0,0,left_sidewalk,10,10,10,10.2864,10,0.2864,0.0,0.0
train,143.0,144.0,1,center_walkway,4,4,5,4.3979,4,0.6021,1.0,1.0
train,143.0,144.0,2,right_sidewalk,6,6,6,6.3909,6,0.3909,0.0,0.0
train,144.0,145.0,0,left_sidewalk,10,10,11,9.811,10,1.189,1.0,1.0
train,144.0,145.0,1,center_walkway,5,5,4,4.9773,5,0.9773,1.0,1.0
train,144.0,145.0,2,right_sidewalk,6,6,7,7.0363,7,0.0363,1.0,1.0
train,145.0,146.0,0,left_sidewalk,11,11,11,10.8952,11,0.1048,0.0,0.0
train,145.0,146.0,1,center_walkway,4,4,4,4.1038,4,0.1038,0.0,0.0
train,145.0,146.0,2,right_sidewalk,7,7,10,7.0341,7,2.9659,3.0,3.0
train,146.0,147.0,0,left_sidewalk,11,10,10,10.2371,10,0.2371,1.0,0.0
train,146.0,147.0,1,center_walkway,4,5,4,5.0686,5,1.0686,0.0,1.0
train,146.0,147.0,2,right_sidewalk,10,10,9,9.0139,9,0.0139,1.0,1.0
train,147.0,148.0,0,left_sidewalk,10,10,7,10.145,10,3.145,3.0,3.0
train,147.0,148.0,1,center_walkway,4,4,4,4.4738,4,0.4738,0.0,0.0
train,147.0,148.0,2,right_sidewalk,9,9,9,8.9612,9,0.0388,0.0,0.0
train,148.0,149.0,0,left_sidewalk,7,6,9,7.9723,8,1.0277,2.0,3.0
train,148.0,149.0,1,center_walkway,4,5,4,5.0548,5,1.0548,0.0,1.0
train,148.0,149.0,2,right_sidewalk,9,9,10,9.028,9,0.972,1.0,1.0
train,149.0,150.0,0,left_sidewalk,9,8,6,7.9075,8,1.9075,3.0,2.0
train,149.0,150.0,1,center_walkway,4,5,5,4.999,5,0.001,1.0,0.0
train,149.0,150.0,2,right_sidewalk,10,10,10,9.3307,9,0.6693,0.0,0.0
train,150.0,151.0,0,left_sidewalk,6,6,7,6.4663,6,0.5337,1.0,1.0
train,150.0,151.0,1,center_walkway,5,5,4,5.0117,5,1.0117,1.0,1.0
train,150.0,151.0,2,right_sidewalk,10,10,10,9.813,10,0.187,0.0,0.0
train,151.0,152.0,0,left_sidewalk,7,8,9,7.9773,8,1.0227,2.0,1.0
train,151.0,152.0,1,center_walkway,4,3,3,3.4341,3,0.4341,1.0,0.0
train,151.0,152.0,2,right_sidewalk,10,10,10,9.9983,10,0.0017,0.0,0.0
train,152.0,153.0,0,left_sidewalk,9,9,8,8.6848,9,0.6848,1.0,1.0
train,152.0,153.0,1,center_walkway,3,3,4,3.1258,3,0.8742,1.0,1.0
train,152.0,153.0,2,right_sidewalk,10,10,11,10.1862,10,0.8138,1.0,1.0
train,153.0,154.0,0,left_sidewalk,8,8,8,8.1092,8,0.1092,0.0,0.0
train,153.0,154.0,1,center_walkway,4,4,4,3.9181,4,0.0819,0.0,0.0
train,153.0,154.0,2,right_sidewalk,11,11,10,10.8176,11,0.8176,1.0,1.0
train,154.0,155.0,0,left_sidewalk,8,8,9,8.7005,9,0.2995,1.0,1.0
train,154.0,155.0,1,center_walkway,4,4,5,3.8835,4,1.1165,1.0,1.0
train,154.0,155.0,2,right_sidewalk,10,10,5,9.9946,10,4.9946,5.0,5.0
train,155.0,156.0,0,left_sidewalk,9,10,8,9.1361,9,1.1361,1.0,2.0
train,155.0,156.0,1,center_walkway,5,4,5,4.1666,4,0.8334,0.0,1.0
train,155.0,156.0,2,right_sidewalk,5,5,5,5.553,6,0.553,0.0,0.0
train,156.0,157.0,0,left_sidewalk,8,8,6,8.3663,8,2.3663,2.0,2.0
train,156.0,157.0,1,center_walkway,5,5,5,5.2528,5,0.2528,0.0,0.0
train,156.0,157.0,2,right_sidewalk,5,5,6,5.987,6,0.013,1.0,1.0
train,157.0,158.0,0,left_sidewalk,6,6,6,6.9261,7,0.9261,0.0,0.0
train,157.0,158.0,1,center_walkway,5,5,6,4.9306,5,1.0694,1.0,1.0
train,157.0,158.0,2,right_sidewalk,6,6,5,5.5425,6,0.5425,1.0,1.0
train,158.0,159.0,0,left_sidewalk,6,7,9,7.0515,7,1.9485,3.0,2.0
train,158.0,159.0,1,center_walkway,6,5,4,4.8672,5,0.8672,2.0,1.0
train,158.0,159.0,2,right_sidewalk,5,5,5,4.9547,5,0.0453,0.0,0.0
train,159.0,160.0,0,left_sidewalk,9,9,9,8.7885,9,0.2115,0.0,0.0
train,159.0,160.0,1,center_walkway,4,4,4,4.1226,4,0.1226,0.0,0.0
train,159.0,160.0,2,right_sidewalk,5,5,5,5.4303,5,0.4303,0.0,0.0
train,160.0,161.0,0,left_sidewalk,9,9,7,8.426,8,1.426,2.0,2.0
train,160.0,161.0,1,center_walkway,4,4,4,4.449,4,0.449,0.0,0.0
train,160.0,161.0,2,right_sidewalk,5,5,6,5.6716,6,0.3284,1.0,1.0
train,161.0,162.0,0,left_sidewalk,7,7,9,8.2226,8,0.7774,2.0,2.0
train,161.0,162.0,1,center_walkway,4,3,3,3.65,4,0.65,1.0,0.0
train,161.0,162.0,2,right_sidewalk,6,7,5,7.0501,7,2.0501,1.0,2.0
train,162.0,163.0,0,left_sidewalk,9,9,9,8.8043,9,0.1957,0.0,0.0
train,162.0,163.0,1,center_walkway,3,2,4,3.1497,3,0.8503,1.0,2.0
train,162.0,163.0,2,right_sidewalk,5,6,6,6.114,6,0.114,1.0,0.0
train,163.0,164.0,0,left_sidewalk,9,9,9,8.9119,9,0.0881,0.0,0.0
train,163.0,164.0,1,center_walkway,4,4,5,4.4695,4,0.5305,1.0,1.0
train,163.0,164.0,2,right_sidewalk,6,6,8,7.2462,7,0.7538,2.0,2.0
train,164.0,165.0,0,left_sidewalk,9,9,9,8.977,9,0.023,0.0,0.0
train,164.0,165.0,1,center_walkway,5,5,5,5.2011,5,0.2011,0.0,0.0
train,164.0,165.0,2,right_sidewalk,8,8,9,8.0361,8,0.9639,1.0,1.0
train,165.0,166.0,0,left_sidewalk,9,9,10,9.1906,9,0.8094,1.0,1.0
train,165.0,166.0,1,center_walkway,5,5,6,5.2445,5,0.7555,1.0,1.0
train,165.0,166.0,2,right_sidewalk,9,9,8,8.9773,9,0.9773,1.0,1.0
train,166.0,167.0,0,left_sidewalk,10,10,7,9.2328,9,2.2328,3.0,3.0
train,166.0,167.0,1,center_walkway,6,6,6,6.0857,6,0.0857,0.0,0.0
train,166.0,167.0,2,right_sidewalk,8,8,9,7.9846,8,1.0154,1.0,1.0
train,167.0,168.0,0,left_sidewalk,7,6,9,7.9743,8,1.0257,2.0,3.0
train,167.0,168.0,1,center_walkway,6,7,7,6.9773,7,0.0227,1.0,0.0
train,167.0,168.0,2,right_sidewalk,9,9,6,7.4184,7,1.4184,3.0,3.0
train,168.0,169.0,0,left_sidewalk,9,9,9,8.9771,9,0.0229,0.0,0.0
train,168.0,169.0,1,center_walkway,7,7,7,6.9773,7,0.0227,0.0,0.0
train,168.0,169.0,2,right_sidewalk,6,6,6,5.9541,6,0.0459,0.0,0.0
train,169.0,170.0,0,left_sidewalk,9,9,10,8.943,9,1.057,1.0,1.0
train,169.0,170.0,1,center_walkway,7,7,7,6.9773,7,0.0227,0.0,0.0
train,169.0,170.0,2,right_sidewalk,6,6,5,6.0739,6,1.0739,1.0,1.0
train,170.0,171.0,0,left_sidewalk,10,10,10,9.4602,9,0.5398,0.0,0.0
train,170.0,171.0,1,center_walkway,7,6,7,6.1153,6,0.8847,0.0,1.0
train,170.0,171.0,2,right_sidewalk,5,6,5,5.3918,5,0.3918,0.0,1.0
train,171.0,172.0,0,left_sidewalk,10,11,11,10.319,10,0.681,1.0,0.0
train,171.0,172.0,1,center_walkway,7,6,6,6.2652,6,0.2652,1.0,0.0
train,171.0,172.0,2,right_sidewalk,5,5,5,5.0573,5,0.0573,0.0,0.0
train,172.0,173.0,0,left_sidewalk,11,10,10,10.4903,10,0.4903,1.0,0.0
train,172.0,173.0,1,center_walkway,6,7,7,6.9217,7,0.0783,1.0,0.0
train,172.0,173.0,2,right_sidewalk,5,5,4,5.236,5,1.236,1.0,1.0
train,173.0,174.0,0,left_sidewalk,10,11,10,10.5844,11,0.5844,0.0,1.0
train,173.0,174.0,1,center_walkway,7,6,6,5.7441,6,0.2559,1.0,0.0
train,173.0,174.0,2,right_sidewalk,4,4,3,4.0658,4,1.0658,1.0,1.0
train,174.0,175.0,0,left_sidewalk,10,11,9,9.8446,10,0.8446,1.0,2.0
train,174.0,175.0,1,center_walkway,6,5,5,5.4679,5,0.4679,1.0,0.0
train,174.0,175.0,2,right_sidewalk,3,3,3,3.2735,3,0.2735,0.0,0.0
train,175.0,176.0,0,left_sidewalk,9,9,12,10.7112,11,1.2888,3.0,3.0
train,175.0,176.0,1,center_walkway,5,5,5,5.0465,5,0.0465,0.0,0.0
train,175.0,176.0,2,right_sidewalk,3,3,5,4.1053,4,0.8947,2.0,2.0
train,176.0,177.0,0,left_sidewalk,12,12,10,11.3027,11,1.3027,2.0,2.0
train,176.0,177.0,1,center_walkway,5,4,7,4.8567,5,2.1433,2.0,3.0
train,176.0,177.0,2,right_sidewalk,5,6,6,5.7956,6,0.2044,1.0,0.0
train,177.0,178.0,0,left_sidewalk,10,9,9,9.6737,10,0.6737,1.0,0.0
train,177.0,178.0,1,center_walkway,7,8,7,7.7729,8,0.7729,0.0,1.0
train,177.0,178.0,2,right_sidewalk,6,6,7,6.0464,6,0.9536,1.0,1.0
train,178.0,179.0,0,left_sidewalk,9,8,10,9.87,10,0.13,1.0,2.0
train,178.0,179.0,1,center_walkway,7,8,8,7.7443,8,0.2557,1.0,0.0
train,178.0,179.0,2,right_sidewalk,7,7,6,6.9773,7,0.9773,1.0,1.0
validation,179.0,180.0,0,left_sidewalk,10,10,9,9.4674,9,0.4674,1.0,1.0
validation,179.0,180.0,1,center_walkway,8,9,9,8.6489,9,0.3511,1.0,0.0
validation,179.0,180.0,2,right_sidewalk,6,5,3,4.9386,5,1.9386,3.0,2.0
validation,180.0,181.0,0,left_sidewalk,9,9,8,8.4778,8,0.4778,1.0,1.0
validation,180.0,181.0,1,center_walkway,9,9,10,8.762,9,1.238,1.0,1.0
validation,180.0,181.0,2,right_sidewalk,3,3,4,3.1954,3,0.8046,1.0,1.0
validation,181.0,182.0,0,left_sidewalk,8,7,7,7.5728,8,0.5728,1.0,0.0
validation,181.0,182.0,1,center_walkway,10,10,9,9.6505,10,0.6505,1.0,1.0
validation,181.0,182.0,2,right_sidewalk,4,5,5,4.9678,5,0.0322,1.0,0.0
validation,182.0,183.0,0,left_sidewalk,7,7,8,7.9015,8,0.0985,1.0,1.0
validation,182.0,183.0,1,center_walkway,9,9,10,9.0043,9,0.9957,1.0,1.0
validation,182.0,183.0,2,right_sidewalk,5,5,6,5.0585,5,0.9415,1.0,1.0
validation,183.0,184.0,0,left_sidewalk,8,7,6,7.296,7,1.296,2.0,1.0
validation,183.0,184.0,1,center_walkway,10,11,9,10.2374,10,1.2374,1.0,2.0
validation,183.0,184.0,2,right_sidewalk,6,6,5,6.0853,6,1.0853,1.0,1.0
validation,184.0,185.0,0,left_sidewalk,6,5,9,6.2957,6,2.7043,3.0,4.0
validation,184.0,185.0,1,center_walkway,9,10,8,9.8261,10,1.8261,1.0,2.0
validation,184.0,185.0,2,right_sidewalk,5,5,6,5.5933,6,0.4067,1.0,1.0
validation,185.0,186.0,0,left_sidewalk,9,9,8,8.5518,9,0.5518,1.0,1.0
validation,185.0,186.0,1,center_walkway,8,7,8,7.8195,8,0.1805,0.0,1.0
validation,185.0,186.0,2,right_sidewalk,6,7,6,6.4077,6,0.4077,0.0,1.0
validation,186.0,187.0,0,left_sidewalk,8,8,7,7.3749,7,0.3749,1.0,1.0
validation,186.0,187.0,1,center_walkway,8,8,7,7.8542,8,0.8542,1.0,1.0
validation,186.0,187.0,2,right_sidewalk,6,6,6,5.7246,6,0.2754,0.0,0.0
validation,187.0,188.0,0,left_sidewalk,7,7,8,7.9692,8,0.0308,1.0,1.0
validation,187.0,188.0,1,center_walkway,7,7,9,7.1607,7,1.8393,2.0,2.0
validation,187.0,188.0,2,right_sidewalk,6,6,5,6.0795,6,1.0795,1.0,1.0
validation,188.0,189.0,0,left_sidewalk,8,8,6,7.9269,8,1.9269,2.0,2.0
validation,188.0,189.0,1,center_walkway,9,9,9,8.4905,8,0.5095,0.0,0.0
validation,188.0,189.0,2,right_sidewalk,5,5,5,5.3415,5,0.3415,0.0,0.0
validation,189.0,190.0,0,left_sidewalk,6,6,7,6.7,7,0.3,1.0,1.0
validation,189.0,190.0,1,center_walkway,9,9,9,8.924,9,0.076,0.0,0.0
validation,189.0,190.0,2,right_sidewalk,5,5,4,5.06,5,1.06,1.0,1.0
validation,190.0,191.0,0,left_sidewalk,7,6,9,6.5976,7,2.4024,2.0,3.0
validation,190.0,191.0,1,center_walkway,9,10,9,9.4831,9,0.4831,0.0,1.0
validation,190.0,191.0,2,right_sidewalk,4,4,3,4.0952,4,1.0952,1.0,1.0
validation,191.0,192.0,0,left_sidewalk,9,9,9,8.7064,9,0.2936,0.0,0.0
validation,191.0,192.0,1,center_walkway,9,9,8,8.7055,9,0.7055,1.0,1.0
validation,191.0,192.0,2,right_sidewalk,3,3,3,3.3437,3,0.3437,0.0,0.0
validation,192.0,193.0,0,left_sidewalk,9,10,8,9.3834,9,1.3834,1.0,2.0
validation,192.0,193.0,1,center_walkway,8,7,6,7.2279,7,1.2279,2.0,1.0
validation,192.0,193.0,2,right_sidewalk,3,3,2,2.9862,3,0.9862,1.0,1.0
validation,193.0,194.0,0,left_sidewalk,8,8,9,9.287,9,0.287,1.0,1.0
validation,193.0,194.0,1,center_walkway,6,6,6,6.2258,6,0.2258,0.0,0.0
validation,193.0,194.0,2,right_sidewalk,2,2,3,2.5688,3,0.4312,1.0,1.0
validation,194.0,195.0,0,left_sidewalk,9,9,7,8.7627,9,1.7627,2.0,2.0
validation,194.0,195.0,1,center_walkway,6,5,7,5.9288,6,1.0712,1.0,2.0
validation,194.0,195.0,2,right_sidewalk,3,4,3,4.0382,4,1.0382,0.0,1.0
validation,195.0,196.0,0,left_sidewalk,7,6,6,6.504,7,0.504,1.0,0.0
validation,195.0,196.0,1,center_walkway,7,9,8,8.1909,8,0.1909,1.0,1.0
validation,195.0,196.0,2,right_sidewalk,3,2,2,2.2179,2,0.2179,1.0,0.0
validation,196.0,197.0,0,left_sidewalk,6,5,7,6.1171,6,0.8829,1.0,2.0
validation,196.0,197.0,1,center_walkway,8,9,8,8.4677,8,0.4677,0.0,1.0
validation,196.0,197.0,2,right_sidewalk,2,2,1,2.0406,2,1.0406,1.0,1.0
validation,197.0,198.0,0,left_sidewalk,7,7,6,6.9773,7,0.9773,1.0,1.0
validation,197.0,198.0,1,center_walkway,8,8,9,8.312,8,0.688,1.0,1.0
validation,197.0,198.0,2,right_sidewalk,1,1,1,1.8149,2,0.8149,0.0,0.0
validation,198.0,199.0,0,left_sidewalk,6,5,7,6.322,6,0.678,1.0,2.0
validation,198.0,199.0,1,center_walkway,9,10,7,9.3954,9,2.3954,2.0,3.0
validation,198.0,199.0,2,right_sidewalk,1,1,3,2.3023,2,0.6977,2.0,2.0
validation,199.0,200.0,0,left_sidewalk,7,7,7,6.9737,7,0.0263,0.0,0.0
validation,199.0,200.0,1,center_walkway,7,4,7,5.7765,6,1.2235,0.0,3.0
validation,199.0,200.0,2,right_sidewalk,3,6,4,5.3353,5,1.3353,1.0,2.0
validation,200.0,201.0,0,left_sidewalk,7,7,6,6.9543,7,0.9543,1.0,1.0
validation,200.0,201.0,1,center_walkway,7,6,5,6.0767,6,1.0767,2.0,1.0
validation,200.0,201.0,2,right_sidewalk,4,5,7,5.4798,5,1.5202,3.0,2.0
validation,201.0,202.0,0,left_sidewalk,6,5,6,5.9367,6,0.0633,0.0,1.0
validation,201.0,202.0,1,center_walkway,5,6,5,6.1368,6,1.1368,0.0,1.0
validation,201.0,202.0,2,right_sidewalk,7,7,7,7.0991,7,0.0991,0.0,0.0
validation,202.0,203.0,0,left_sidewalk,6,6,6,6.0174,6,0.0174,0.0,0.0
validation,202.0,203.0,1,center_walkway,5,5,7,5.5734,6,1.4266,2.0,2.0
validation,202.0,203.0,2,right_sidewalk,7,7,7,7.0943,7,0.0943,0.0,0.0
validation,203.0,204.0,0,left_sidewalk,6,6,6,6.0179,6,0.0179,0.0,0.0
validation,203.0,204.0,1,center_walkway,7,8,9,7.6029,8,1.3971,2.0,1.0
validation,203.0,204.0,2,right_sidewalk,7,6,6,6.1511,6,0.1511,1.0,0.0
validation,204.0,205.0,0,left_sidewalk,6,6,6,5.9773,6,0.0227,0.0,0.0
validation,204.0,205.0,1,center_walkway,9,9,7,8.6531,9,1.6531,2.0,2.0
validation,204.0,205.0,2,right_sidewalk,6,6,6,5.9773,6,0.0227,0.0,0.0
validation,205.0,206.0,0,left_sidewalk,6,6,6,5.9773,6,0.0227,0.0,0.0
validation,205.0,206.0,1,center_walkway,7,7,10,6.8997,7,3.1003,3.0,3.0
validation,205.0,206.0,2,right_sidewalk,6,6,8,5.9773,6,2.0227,2.0,2.0
validation,206.0,207.0,0,left_sidewalk,6,6,6,5.9773,6,0.0227,0.0,0.0
validation,206.0,207.0,1,center_walkway,10,10,8,9.4563,9,1.4563,2.0,2.0
validation,206.0,207.0,2,right_sidewalk,8,8,7,7.4335,7,0.4335,1.0,1.0
validation,207.0,208.0,0,left_sidewalk,6,7,7,6.9773,7,0.0227,1.0,0.0
validation,207.0,208.0,1,center_walkway,8,7,7,7.2698,7,0.2698,1.0,0.0
validation,207.0,208.0,2,right_sidewalk,7,7,7,7.0683,7,0.0683,0.0,0.0
validation,208.0,209.0,0,left_sidewalk,7,7,9,6.8731,7,2.1269,2.0,2.0
validation,208.0,209.0,1,center_walkway,7,7,8,7.088,7,0.912,1.0,1.0
validation,208.0,209.0,2,right_sidewalk,7,7,7,6.8583,7,0.1417,0.0,0.0
validation,209.0,210.0,0,left_sidewalk,9,10,8,8.8744,9,0.8744,1.0,2.0
validation,209.0,210.0,1,center_walkway,8,7,9,7.3549,7,1.6451,1.0,2.0
validation,209.0,210.0,2,right_sidewalk,7,7,7,6.8973,7,0.1027,0.0,0.0
validation,210.0,211.0,0,left_sidewalk,8,8,6,7.367,7,1.367,2.0,2.0
validation,210.0,211.0,1,center_walkway,9,9,9,8.8283,9,0.1717,0.0,0.0
validation,210.0,211.0,2,right_sidewalk,7,7,6,6.9405,7,0.9405,1.0,1.0
validation,211.0,212.0,0,left_sidewalk,6,6,7,7.5802,8,0.5802,1.0,1.0
validation,211.0,212.0,1,center_walkway,9,9,9,8.9792,9,0.0208,0.0,0.0
validation,211.0,212.0,2,right_sidewalk,6,6,7,6.5796,7,0.4204,1.0,1.0
validation,212.0,213.0,0,left_sidewalk,7,7,7,7.2551,7,0.2551,0.0,0.0
validation,212.0,213.0,1,center_walkway,9,9,9,8.8667,9,0.1333,0.0,0.0
validation,212.0,213.0,2,right_sidewalk,7,7,7,7.2442,7,0.2442,0.0,0.0
validation,213.0,214.0,0,left_sidewalk,7,7,6,6.9852,7,0.9852,1.0,1.0
validation,213.0,214.0,1,center_walkway,9,9,10,8.8179,9,1.1821,1.0,1.0
validation,213.0,214.0,2,right_sidewalk,7,7,9,7.0785,7,1.9215,2.0,2.0
validation,214.0,215.0,0,left_sidewalk,6,7,7,6.899,7,0.101,1.0,0.0
validation,214.0,215.0,1,center_walkway,10,9,12,8.8263,9,3.1737,2.0,3.0
validation,214.0,215.0,2,right_sidewalk,9,9,8,8.125,8,0.125,1.0,1.0
validation,215.0,216.0,0,left_sidewalk,7,7,7,7.1038,7,0.1038,0.0,0.0
validation,215.0,216.0,1,center_walkway,12,11,13,10.4783,10,2.5217,1.0,2.0
validation,215.0,216.0,2,right_sidewalk,8,9,7,8.0979,8,1.0979,1.0,2.0
validation,216.0,217.0,0,left_sidewalk,7,7,8,7.44,7,0.56,1.0,1.0
validation,216.0,217.0,1,center_walkway,13,12,11,11.4488,11,0.4488,2.0,1.0
validation,216.0,217.0,2,right_sidewalk,7,8,8,7.8763,8,0.1237,1.0,0.0
validation,217.0,218.0,0,left_sidewalk,8,8,9,8.4214,8,0.5786,1.0,1.0
validation,217.0,218.0,1,center_walkway,11,10,10,10.0272,10,0.0272,1.0,0.0
validation,217.0,218.0,2,right_sidewalk,8,9,9,8.8892,9,0.1108,1.0,0.0
validation,218.0,219.0,0,left_sidewalk,9,9,9,8.9225,9,0.0775,0.0,0.0
validation,218.0,219.0,1,center_walkway,10,10,11,9.9418,10,1.0582,1.0,1.0
validation,218.0,219.0,2,right_sidewalk,9,9,8,8.1092,8,0.1092,1.0,1.0
validation,219.0,220.0,0,left_sidewalk,9,8,10,8.5505,9,1.4495,1.0,2.0
validation,219.0,220.0,1,center_walkway,11,12,11,11.5199,12,0.5199,0.0,1.0
validation,219.0,220.0,2,right_sidewalk,8,8,8,8.158,8,0.158,0.0,0.0
validation,220.0,221.0,0,left_sidewalk,10,10,6,9.7531,10,3.7531,4.0,4.0
validation,220.0,221.0,1,center_walkway,11,11,9,10.8219,11,1.8219,2.0,2.0
validation,220.0,221.0,2,right_sidewalk,8,8,7,7.4306,7,0.4306,1.0,1.0
validation,221.0,222.0,0,left_sidewalk,6,6,8,8.3313,8,0.3313,2.0,2.0
validation,221.0,222.0,1,center_walkway,9,9,12,9.6242,10,2.3758,3.0,3.0
validation,221.0,222.0,2,right_sidewalk,7,7,6,7.2612,7,1.2612,1.0,1.0
validation,222.0,223.0,0,left_sidewalk,8,8,9,8.4138,8,0.5862,1.0,1.0
validation,222.0,223.0,1,center_walkway,12,12,12,11.3837,11,0.6163,0.0,0.0
validation,222.0,223.0,2,right_sidewalk,6,6,6,6.2708,6,0.2708,0.0,0.0
validation,223.0,224.0,0,left_sidewalk,9,9,8,8.886,9,0.886,1.0,1.0
validation,223.0,224.0,1,center_walkway,12,13,13,12.0419,12,0.9581,1.0,0.0
validation,223.0,224.0,2,right_sidewalk,6,5,7,5.468,5,1.532,1.0,2.0
validation,224.0,225.0,0,left_sidewalk,8,7,7,7.5399,8,0.5399,1.0,0.0
validation,224.0,225.0,1,center_walkway,13,15,15,14.1287,14,0.8713,2.0,0.0
validation,224.0,225.0,2,right_sidewalk,7,6,6,6.0631,6,0.0631,1.0,0.0
validation,225.0,226.0,0,left_sidewalk,7,6,6,7.0962,7,1.0962,1.0,0.0
validation,225.0,226.0,1,center_walkway,15,16,15,15.1959,15,0.1959,0.0,1.0
validation,225.0,226.0,2,right_sidewalk,6,6,6,5.9946,6,0.0054,0.0,0.0
validation,226.0,227.0,0,left_sidewalk,6,5,8,6.4818,6,1.5182,2.0,3.0
validation,226.0,227.0,1,center_walkway,15,16,15,15.2971,15,0.2971,0.0,1.0
validation,226.0,227.0,2,right_sidewalk,6,6,7,6.1017,6,0.8983,1.0,1.0
validation,227.0,228.0,0,left_sidewalk,8,8,7,7.9105,8,0.9105,1.0,1.0
validation,227.0,228.0,1,center_walkway,15,15,14,14.6234,15,0.6234,1.0,1.0
validation,227.0,228.0,2,right_sidewalk,7,7,8,7.0479,7,0.9521,1.0,1.0
validation,228.0,229.0,0,left_sidewalk,7,7,6,7.4982,7,1.4982,1.0,1.0
validation,228.0,229.0,1,center_walkway,14,14,14,13.8426,14,0.1574,0.0,0.0
validation,228.0,229.0,2,right_sidewalk,8,8,9,7.9773,8,1.0227,1.0,1.0
validation,229.0,230.0,0,left_sidewalk,6,6,8,6.5136,7,1.4864,2.0,2.0
validation,229.0,230.0,1,center_walkway,14,16,16,15.4202,15,0.5798,2.0,0.0
validation,229.0,230.0,2,right_sidewalk,9,7,6,7.052,7,1.052,3.0,1.0
validation,230.0,231.0,0,left_sidewalk,8,8,8,7.6238,8,0.3762,0.0,0.0
validation,230.0,231.0,1,center_walkway,16,15,15,14.4963,14,0.5037,1.0,0.0
validation,230.0,231.0,2,right_sidewalk,6,7,5,6.4167,6,1.4167,1.0,2.0
validation,231.0,232.0,0,left_sidewalk,8,8,7,7.6711,8,0.6711,1.0,1.0
validation,231.0,232.0,1,center_walkway,15,14,13,13.767,14,0.767,2.0,1.0
validation,231.0,232.0,2,right_sidewalk,5,6,5,6.1838,6,1.1838,0.0,1.0
validation,232.0,233.0,0,left_sidewalk,7,7,8,7.7797,8,0.2203,1.0,1.0
validation,232.0,233.0,1,center_walkway,13,13,12,12.7312,13,0.7312,1.0,1.0
validation,232.0,233.0,2,right_sidewalk,5,5,5,5.5448,6,0.5448,0.0,0.0
validation,233.0,234.0,0,left_sidewalk,8,8,7,8.3194,8,1.3194,1.0,1.0
validation,233.0,234.0,1,center_walkway,12,12,13,11.6901,12,1.3099,1.0,1.0
validation,233.0,234.0,2,right_sidewalk,5,5,5,5.6261,6,0.6261,0.0,0.0
validation,234.0,235.0,0,left_sidewalk,7,7,8,7.3662,7,0.6338,1.0,1.0
validation,234.0,235.0,1,center_walkway,13,13,13,12.2793,12,0.7207,0.0,0.0
validation,234.0,235.0,2,right_sidewalk,5,5,6,4.9773,5,1.0227,1.0,1.0
validation,235.0,236.0,0,left_sidewalk,8,8,7,7.9849,8,0.9849,1.0,1.0
validation,235.0,236.0,1,center_walkway,13,13,12,12.4606,12,0.4606,1.0,1.0
validation,235.0,236.0,2,right_sidewalk,6,6,7,5.9773,6,1.0227,1.0,1.0
validation,236.0,237.0,0,left_sidewalk,7,7,9,8.1503,8,0.8497,2.0,2.0
validation,236.0,237.0,1,center_walkway,12,12,12,11.8491,12,0.1509,0.0,0.0
validation,236.0,237.0,2,right_sidewalk,7,7,7,6.9978,7,0.0022,0.0,0.0
validation,237.0,238.0,0,left_sidewalk,9,9,9,8.9099,9,0.0901,0.0,0.0
validation,237.0,238.0,1,center_walkway,12,12,10,12.0414,12,2.0414,2.0,2.0
validation,237.0,238.0,2,right_sidewalk,7,7,5,6.9773,7,1.9773,2.0,2.0
validation,238.0,239.0,0,left_sidewalk,9,10,11,9.9232,10,1.0768,2.0,1.0
validation,238.0,239.0,1,center_walkway,10,9,8,9.5705,10,1.5705,2.0,1.0
validation,238.0,239.0,2,right_sidewalk,5,5,7,5.0064,5,1.9936,2.0,2.0
test,239.0,240.0,0,left_sidewalk,11,11,10,10.7142,11,0.7142,1.0,1.0
test,239.0,240.0,1,center_walkway,8,8,11,8.4071,8,2.5929,3.0,3.0
test,239.0,240.0,2,right_sidewalk,7,7,5,5.8562,6,0.8562,2.0,2.0
test,240.0,241.0,0,left_sidewalk,10,10,9,10.678,11,1.678,1.0,1.0
test,240.0,241.0,1,center_walkway,11,11,11,10.503,11,0.497,0.0,0.0
test,240.0,241.0,2,right_sidewalk,5,5,4,4.9618,5,0.9618,1.0,1.0
test,241.0,242.0,0,left_sidewalk,9,9,10,9.5119,10,0.4881,1.0,1.0
test,241.0,242.0,1,center_walkway,11,11,9,10.4486,10,1.4486,2.0,2.0
test,241.0,242.0,2,right_sidewalk,4,4,4,4.1007,4,0.1007,0.0,0.0
test,242.0,243.0,0,left_sidewalk,10,10,10,9.6844,10,0.3156,0.0,0.0
test,242.0,243.0,1,center_walkway,9,8,8,8.6037,9,0.6037,1.0,0.0
test,242.0,243.0,2,right_sidewalk,4,5,6,5.2726,5,0.7274,2.0,1.0
test,243.0,244.0,0,left_sidewalk,10,10,8,9.8793,10,1.8793,2.0,2.0
test,243.0,244.0,1,center_walkway,8,8,8,8.1085,8,0.1085,0.0,0.0
test,243.0,244.0,2,right_sidewalk,6,6,7,6.3819,6,0.6181,1.0,1.0
test,244.0,245.0,0,left_sidewalk,8,8,8,9.0734,9,1.0734,0.0,0.0
test,244.0,245.0,1,center_walkway,8,8,8,8.2687,8,0.2687,0.0,0.0
test,244.0,245.0,2,right_sidewalk,7,7,8,6.9773,7,1.0227,1.0,1.0
test,245.0,246.0,0,left_sidewalk,8,7,8,8.1491,8,0.1491,0.0,1.0
test,245.0,246.0,1,center_walkway,8,9,9,8.8134,9,0.1866,1.0,0.0
test,245.0,246.0,2,right_sidewalk,8,8,8,7.9241,8,0.0759,0.0,0.0
test,246.0,247.0,0,left_sidewalk,8,8,7,7.8199,8,0.8199,1.0,1.0
test,246.0,247.0,1,center_walkway,9,10,9,9.7541,10,0.7541,0.0,1.0
test,246.0,247.0,2,right_sidewalk,8,7,7,6.2134,6,0.7866,1.0,0.0
test,247.0,248.0,0,left_sidewalk,7,6,6,7.1098,7,1.1098,1.0,0.0
test,247.0,248.0,1,center_walkway,9,11,10,10.2632,10,0.2632,1.0,1.0
test,247.0,248.0,2,right_sidewalk,7,6,4,6.1935,6,2.1935,3.0,2.0
test,248.0,249.0,0,left_sidewalk,6,6,8,6.0347,6,1.9653,2.0,2.0
test,248.0,249.0,1,center_walkway,10,8,8,8.4241,8,0.4241,2.0,0.0
test,248.0,249.0,2,right_sidewalk,4,6,5,5.9773,6,0.9773,1.0,1.0
test,249.0,250.0,0,left_sidewalk,8,8,7,7.9768,8,0.9768,1.0,1.0
test,249.0,250.0,1,center_walkway,8,8,8,7.9523,8,0.0477,0.0,0.0
test,249.0,250.0,2,right_sidewalk,5,5,6,5.737,6,0.263,1.0,1.0
test,250.0,251.0,0,left_sidewalk,7,6,8,6.9016,7,1.0984,1.0,2.0
test,250.0,251.0,1,center_walkway,8,9,6,8.7883,9,2.7883,2.0,3.0
test,250.0,251.0,2,right_sidewalk,6,6,4,5.9773,6,1.9773,2.0,2.0
test,251.0,252.0,0,left_sidewalk,8,7,6,7.456,7,1.456,2.0,1.0
test,251.0,252.0,1,center_walkway,6,7,7,7.2259,7,0.2259,1.0,0.0
test,251.0,252.0,2,right_sidewalk,4,4,4,4.5579,5,0.5579,0.0,0.0
test,252.0,253.0,0,left_sidewalk,6,6,7,6.27,6,0.73,1.0,1.0
test,252.0,253.0,1,center_walkway,7,8,7,7.8455,8,0.8455,0.0,1.0
test,252.0,253.0,2,right_sidewalk,4,3,3,3.4177,3,0.4177,1.0,0.0
test,253.0,254.0,0,left_sidewalk,7,7,7,6.9773,7,0.0227,0.0,0.0
test,253.0,254.0,1,center_walkway,7,7,8,7.117,7,0.883,1.0,1.0
test,253.0,254.0,2,right_sidewalk,3,3,5,3.5176,4,1.4824,2.0,2.0
test,254.0,255.0,0,left_sidewalk,7,7,8,6.9773,7,1.0227,1.0,1.0
test,254.0,255.0,1,center_walkway,8,8,7,7.8798,8,0.8798,1.0,1.0
test,254.0,255.0,2,right_sidewalk,5,5,5,5.5553,6,0.5553,0.0,0.0
test,255.0,256.0,0,left_sidewalk,8,7,8,7.3834,7,0.6166,0.0,1.0
test,255.0,256.0,1,center_walkway,7,8,9,7.8453,8,1.1547,2.0,1.0
test,255.0,256.0,2,right_sidewalk,5,5,5,5.1239,5,0.1239,0.0,0.0
test,256.0,257.0,0,left_sidewalk,8,7,10,6.9987,7,3.0013,2.0,3.0
test,256.0,257.0,1,center_walkway,9,10,7,9.3919,9,2.3919,2.0,3.0
test,256.0,257.0,2,right_sidewalk,5,5,7,4.77,5,2.23,2.0,2.0
test,257.0,258.0,0,left_sidewalk,10,9,8,8.9773,9,0.9773,2.0,1.0
test,257.0,258.0,1,center_walkway,7,8,6,8.1143,8,2.1143,1.0,2.0
test,257.0,258.0,2,right_sidewalk,7,7,7,6.8981,7,0.1019,0.0,0.0
test,258.0,259.0,0,left_sidewalk,8,9,12,8.9773,9,3.0227,4.0,3.0
test,258.0,259.0,1,center_walkway,6,5,5,5.8055,6,0.8055,1.0,0.0
test,258.0,259.0,2,right_sidewalk,7,7,6,5.6127,6,0.3873,1.0,1.0
test,259.0,260.0,0,left_sidewalk,12,11,10,10.4473,10,0.4473,2.0,1.0
test,259.0,260.0,1,center_walkway,5,6,6,6.0522,6,0.0522,1.0,0.0
test,259.0,260.0,2,right_sidewalk,6,6,8,6.0408,6,1.9592,2.0,2.0
test,260.0,261.0,0,left_sidewalk,10,9,10,8.9883,9,1.0117,0.0,1.0
test,260.0,261.0,1,center_walkway,6,7,6,6.7119,7,0.7119,0.0,1.0
test,260.0,261.0,2,right_sidewalk,8,8,9,7.9308,8,1.0692,1.0,1.0
test,261.0,262.0,0,left_sidewalk,10,9,8,9.9343,10,1.9343,2.0,1.0
test,261.0,262.0,1,center_walkway,6,7,2,6.9492,7,4.9492,4.0,5.0
test,261.0,262.0,2,right_sidewalk,9,9,9,8.9138,9,0.0862,0.0,0.0
test,262.0,263.0,0,left_sidewalk,8,7,7,8.6071,9,1.6071,1.0,0.0
test,262.0,263.0,1,center_walkway,2,3,5,3.4585,3,1.5415,3.0,2.0
test,262.0,263.0,2,right_sidewalk,9,9,8,9.1802,9,1.1802,1.0,1.0
test,263.0,264.0,0,left_sidewalk,7,7,6,7.7392,8,1.7392,1.0,1.0
test,263.0,264.0,1,center_walkway,5,6,7,5.463,5,1.537,2.0,1.0
test,263.0,264.0,2,right_sidewalk,8,7,8,7.2295,7,0.7705,0.0,1.0
test,264.0,265.0,0,left_sidewalk,6,6,7,5.969,6,1.031,1.0,1.0
test,264.0,265.0,1,center_walkway,7,7,7,6.9294,7,0.0706,0.0,0.0
test,264.0,265.0,2,right_sidewalk,8,8,7,7.8535,8,0.8535,1.0,1.0
test,265.0,266.0,0,left_sidewalk,7,7,7,6.9694,7,0.0306,0.0,0.0
test,265.0,266.0,1,center_walkway,7,6,4,6.1786,6,2.1786,3.0,2.0
test,265.0,266.0,2,right_sidewalk,7,8,7,7.9261,8,0.9261,0.0,1.0
test,266.0,267.0,0,left_sidewalk,7,7,7,7.427,7,0.427,0.0,0.0
test,266.0,267.0,1,center_walkway,4,4,4,4.5408,5,0.5408,0.0,0.0
test,266.0,267.0,2,right_sidewalk,7,7,7,7.2591,7,0.2591,0.0,0.0
test,267.0,268.0,0,left_sidewalk,7,7,8,7.2188,7,0.7812,1.0,1.0
test,267.0,268.0,1,center_walkway,4,4,5,4.7009,5,0.2991,1.0,1.0
test,267.0,268.0,2,right_sidewalk,7,7,6,7.1269,7,1.1269,1.0,1.0
test,268.0,269.0,0,left_sidewalk,8,8,8,7.9773,8,0.0227,0.0,0.0
test,268.0,269.0,1,center_walkway,5,5,8,4.9941,5,3.0059,3.0,3.0
test,268.0,269.0,2,right_sidewalk,6,6,7,6.2756,6,0.7244,1.0,1.0
test,269.0,270.0,0,left_sidewalk,8,9,8,8.6192,9,0.6192,0.0,1.0
test,269.0,270.0,1,center_walkway,8,8,7,7.4263,7,0.4263,1.0,1.0
test,269.0,270.0,2,right_sidewalk,7,6,8,5.0816,5,2.9184,1.0,2.0
test,270.0,271.0,0,left_sidewalk,8,8,9,8.3319,8,0.6681,1.0,1.0
test,270.0,271.0,1,center_walkway,7,8,7,7.8429,8,0.8429,0.0,1.0
test,270.0,271.0,2,right_sidewalk,8,7,8,7.03,7,0.97,0.0,1.0
test,271.0,272.0,0,left_sidewalk,9,10,8,9.2442,9,1.2442,1.0,2.0
test,271.0,272.0,1,center_walkway,7,6,5,6.2323,6,1.2323,2.0,1.0
test,271.0,272.0,2,right_sidewalk,8,8,9,7.9827,8,1.0173,1.0,1.0
test,272.0,273.0,0,left_sidewalk,8,8,8,9.4007,9,1.4007,0.0,0.0
test,272.0,273.0,1,center_walkway,5,6,6,5.9613,6,0.0387,1.0,0.0
test,272.0,273.0,2,right_sidewalk,9,8,8,8.1267,8,0.1267,1.0,0.0
test,273.0,274.0,0,left_sidewalk,8,8,9,7.9773,8,1.0227,1.0,1.0
test,273.0,274.0,1,center_walkway,6,6,5,6.285,6,1.285,1.0,1.0
test,273.0,274.0,2,right_sidewalk,8,8,8,7.994,8,0.006,0.0,0.0
test,274.0,275.0,0,left_sidewalk,9,9,10,8.9113,9,1.0887,1.0,1.0
test,274.0,275.0,1,center_walkway,5,5,4,5.3613,5,1.3613,1.0,1.0
test,274.0,275.0,2,right_sidewalk,8,8,9,8.0341,8,0.9659,1.0,1.0
test,275.0,276.0,0,left_sidewalk,10,10,8,9.2602,9,1.2602,2.0,2.0
test,275.0,276.0,1,center_walkway,4,4,4,4.3599,4,0.3599,0.0,0.0
test,275.0,276.0,2,right_sidewalk,9,9,10,8.9734,9,1.0266,1.0,1.0
test,276.0,277.0,0,left_sidewalk,8,8,9,9.0112,9,0.0112,1.0,1.0
test,276.0,277.0,1,center_walkway,4,4,6,4.4867,4,1.5133,2.0,2.0
test,276.0,277.0,2,right_sidewalk,10,10,9,9.9501,10,0.9501,1.0,1.0
test,277.0,278.0,0,left_sidewalk,9,9,8,8.9773,9,0.9773,1.0,1.0
test,277.0,278.0,1,center_walkway,6,6,5,5.9155,6,0.9155,1.0,1.0
test,277.0,278.0,2,right_sidewalk,9,9,10,9.0224,9,0.9776,1.0,1.0
test,278.0,279.0,0,left_sidewalk,8,8,8,8.3061,8,0.3061,0.0,0.0
test,278.0,279.0,1,center_walkway,5,5,5,5.2794,5,0.2794,0.0,0.0
test,278.0,279.0,2,right_sidewalk,10,10,11,9.9058,10,1.0942,1.0,1.0
test,279.0,280.0,0,left_sidewalk,8,8,9,8.0699,8,0.9301,1.0,1.0
test,279.0,280.0,1,center_walkway,5,5,6,5.239,5,0.761,1.0,1.0
test,279.0,280.0,2,right_sidewalk,11,11,11,10.7285,11,0.2715,0.0,0.0
test,280.0,281.0,0,left_sidewalk,9,9,10,8.6646,9,1.3354,1.0,1.0
test,280.0,281.0,1,center_walkway,6,6,6,5.9886,6,0.0114,0.0,0.0
test,280.0,281.0,2,right_sidewalk,11,11,11,10.8621,11,0.1379,0.0,0.0
test,281.0,282.0,0,left_sidewalk,10,11,10,10.0587,10,0.0587,0.0,1.0
test,281.0,282.0,1,center_walkway,6,5,6,5.1706,5,0.8294,0.0,1.0
test,281.0,282.0,2,right_sidewalk,11,11,10,10.4777,10,0.4777,1.0,1.0
test,282.0,283.0,0,left_sidewalk,10,11,12,10.4392,10,1.5608,2.0,1.0
test,282.0,283.0,1,center_walkway,6,5,5,5.533,6,0.533,1.0,0.0
test,282.0,283.0,2,right_sidewalk,10,10,10,10.0793,10,0.0793,0.0,0.0
test,283.0,284.0,0,left_sidewalk,12,12,10,11.5908,12,1.5908,2.0,2.0
test,283.0,284.0,1,center_walkway,5,5,5,5.1365,5,0.1365,0.0,0.0
test,283.0,284.0,2,right_sidewalk,10,10,12,10.1417,10,1.8583,2.0,2.0
test,284.0,285.0,0,left_sidewalk,10,10,9,10.7394,11,1.7394,1.0,1.0
test,284.0,285.0,1,center_walkway,5,5,5,5.3775,5,0.3775,0.0,0.0
test,284.0,285.0,2,right_sidewalk,12,12,10,11.478,11,1.478,2.0,2.0
test,285.0,286.0,0,left_sidewalk,9,9,8,9.7296,10,1.7296,1.0,1.0
test,285.0,286.0,1,center_walkway,5,5,6,5.4961,5,0.5039,1.0,1.0
test,285.0,286.0,2,right_sidewalk,10,10,11,10.1976,10,0.8024,1.0,1.0
test,286.0,287.0,0,left_sidewalk,8,8,9,8.8083,9,0.1917,1.0,1.0
test,286.0,287.0,1,center_walkway,6,7,7,6.864,7,0.136,1.0,0.0
test,286.0,287.0,2,right_sidewalk,11,10,9,10.0184,10,1.0184,2.0,1.0
test,287.0,288.0,0,left_sidewalk,9,7,11,7.4192,7,3.5808,2.0,4.0
test,287.0,288.0,1,center_walkway,7,9,7,8.5893,9,1.5893,0.0,2.0
test,287.0,288.0,2,right_sidewalk,9,9,10,9.0222,9,0.9778,1.0,1.0
test,288.0,289.0,0,left_sidewalk,11,10,9,9.539,10,0.539,2.0,1.0
test,288.0,289.0,1,center_walkway,7,8,9,7.9318,8,1.0682,2.0,1.0
test,288.0,289.0,2,right_sidewalk,10,10,11,9.9233,10,1.0767,1.0,1.0
test,289.0,290.0,0,left_sidewalk,9,10,12,9.5903,10,2.4097,3.0,2.0
test,289.0,290.0,1,center_walkway,9,8,8,7.9461,8,0.0539,1.0,0.0
test,289.0,290.0,2,right_sidewalk,11,11,9,10.5796,11,1.5796,2.0,2.0
test,290.0,291.0,0,left_sidewalk,12,12,10,11.615,12,1.615,2.0,2.0
test,290.0,291.0,1,center_walkway,8,9,7,8.8631,9,1.8631,1.0,2.0
test,290.0,291.0,2,right_sidewalk,9,8,10,8.1939,8,1.8061,1.0,2.0
test,291.0,292.0,0,left_sidewalk,10,10,11,10.7982,11,0.2018,1.0,1.0
test,291.0,292.0,1,center_walkway,7,7,8,7.2557,7,0.7443,1.0,1.0
test,291.0,292.0,2,right_sidewalk,10,10,7,9.7883,10,2.7883,3.0,3.0
test,292.0,293.0,0,left_sidewalk,11,11,11,10.7822,11,0.2178,0.0,0.0
test,292.0,293.0,1,center_walkway,8,8,9,8.0642,8,0.9358,1.0,1.0
test,292.0,293.0,2,right_sidewalk,7,7,7,7.1307,7,0.1307,0.0,0.0
test,293.0,294.0,0,left_sidewalk,11,10,12,10.2615,10,1.7385,1.0,2.0
test,293.0,294.0,1,center_walkway,9,10,9,9.2575,9,0.2575,0.0,1.0
test,293.0,294.0,2,right_sidewalk,7,7,4,7.0975,7,3.0975,3.0,3.0
test,294.0,295.0,0,left_sidewalk,12,11,10,10.4536,10,0.4536,2.0,1.0
test,294.0,295.0,1,center_walkway,9,9,8,8.7559,9,0.7559,1.0,1.0
test,294.0,295.0,2,right_sidewalk,4,5,4,5.133,5,1.133,0.0,1.0
test,295.0,296.0,0,left_sidewalk,10,10,9,10.9895,11,1.9895,1.0,1.0
test,295.0,296.0,1,center_walkway,8,8,9,8.1626,8,0.8374,1.0,1.0
test,295.0,296.0,2,right_sidewalk,4,4,3,4.0523,4,1.0523,1.0,1.0
test,296.0,297.0,0,left_sidewalk,9,9,8,10.1783,10,2.1783,1.0,1.0
test,296.0,297.0,1,center_walkway,9,9,9,8.7772,9,0.2228,0.0,0.0
test,296.0,297.0,2,right_sidewalk,3,3,5,3.2934,3,1.7066,2.0,2.0
test,297.0,298.0,0,left_sidewalk,8,8,10,8.0933,8,1.9067,2.0,2.0
test,297.0,298.0,1,center_walkway,9,9,8,8.699,9,0.699,1.0,1.0
test,297.0,298.0,2,right_sidewalk,5,5,5,4.9547,5,0.0453,0.0,0.0
test,298.0,299.0,0,left_sidewalk,10,10,10,9.7276,10,0.2724,0.0,0.0
test,298.0,299.0,1,center_walkway,8,8,10,7.8395,8,2.1605,2.0,2.0
test,298.0,299.0,2,right_sidewalk,5,5,6,4.982,5,1.018,1.0,1.0
