sample_second,video_time_s,frame_index,track_id,label,confidence,bbox_x,bbox_y,bbox_width,bbox_height,center_x,center_y,area_px,displacement_px,speed_px_s,track_age_s,tracking_state,missed_frames
0.0,0.0,0,1,person,0.8338,845,236,84,166,887.0,319.0,13944,0.0,0.0,0.0,detected,0
0.0,0.0,0,2,person,0.7546,540,274,79,127,579.5,337.5,10033,0.0,0.0,0.0,detected,0
0.0,0.0,0,3,person,0.72,647,257,92,178,693.0,346.0,16376,0.0,0.0,0.0,detected,0
0.0,0.0,0,4,person,0.7146,774,268,58,127,803.0,331.5,7366,0.0,0.0,0.0,detected,0
0.0,0.0,0,5,person,0.6717,396,279,113,142,452.5,350.0,16046,0.0,0.0,0.0,detected,0
0.0,0.0,0,7,person,0.3653,266,290,61,184,296.5,382.0,11224,0.0,0.0,0.0,detected,0
0.0,0.0,0,8,person,0.3469,849,1,52,69,875.0,35.5,3588,0.0,0.0,0.0,detected,0
0.0,0.0,0,9,person,0.2297,967,237,56,178,995.0,326.0,9968,0.0,0.0,0.0,detected,0
1.0,1.0,30,1,person,0.2433,810,225,66,191,843.0,320.5,12606,44.03,44.03,1.0,detected,0
1.0,1.0,30,3,person,0.7757,719,254,59,138,748.5,323.0,8142,60.08,60.08,1.0,detected,0
1.0,1.0,30,5,person,0.797,389,275,65,168,421.5,359.0,10920,32.28,32.28,1.0,detected,0
1.0,1.0,30,9,person,0.7844,886,221,84,185,928.0,313.5,15540,68.16,68.16,1.0,detected,0
1.0,1.0,30,10,person,0.5242,190,293,84,188,232.0,387.0,15792,0.0,0.0,1.0,detected,0
1.0,1.0,30,14,person,0.4982,240,276,48,153,264.0,352.5,7344,0.0,0.0,0.9,detected,0
1.0,1.0,30,15,person,0.8219,505,277,65,159,537.5,356.5,10335,0.0,0.0,0.867,detected,0
1.0,1.0,30,19,person,0.8386,647,249,65,215,679.5,356.5,13975,0.0,0.0,0.7,detected,0
2.0,2.0,60,1,person,0.8487,779,198,98,188,828.0,292.0,18424,32.21,32.21,2.0,detected,0
2.0,2.0,60,3,person,0.456,738,233,37,135,756.5,300.5,4995,23.88,23.88,2.0,detected,0
2.0,2.0,60,4,person,0.1637,990,332,55,79,1017.5,371.5,4345,218.2,109.1,2.0,predicted,2
2.0,2.0,60,5,person,0.7485,401,274,68,208,435.0,378.0,14144,23.31,23.31,2.0,detected,0
2.0,2.0,60,6,person,0.6488,669,246,102,203,720.0,347.5,20706,0.0,0.0,2.0,detected,0
2.0,2.0,60,7,person,0.8313,199,278,50,140,224.0,348.0,7000,80.08,40.04,2.0,detected,0
2.0,2.0,60,9,person,0.8953,878,194,97,175,926.5,281.5,16975,32.04,32.04,2.0,detected,0
2.0,2.0,60,14,person,0.3289,218,260,46,146,241.0,333.0,6716,30.15,30.15,1.9,detected,0
2.0,2.0,60,15,person,0.8166,518,271,87,184,561.5,363.0,16008,24.86,24.86,1.867,detected,0
2.0,2.0,60,39,person,0.2929,1037,346,50,44,1062.0,368.0,2200,0.0,0.0,0.133,predicted,4
2.0,2.0,60,41,person,0.1787,837,1,101,92,887.5,47.0,9292,0.0,0.0,0.1,detected,0
3.0,3.0,90,3,person,0.3614,703,232,85,166,745.5,315.0,14110,18.2,18.2,3.0,detected,0
3.0,3.0,90,5,person,0.827,426,296,104,197,478.0,394.5,20488,46.06,46.06,3.0,detected,0
3.0,3.0,90,6,person,0.2933,771,265,71,242,806.5,386.0,17182,94.68,94.68,3.0,detected,0
3.0,3.0,90,9,person,0.8351,877,185,85,192,919.5,281.0,16320,7.02,7.02,3.0,detected,0
3.0,3.0,90,10,person,0.3507,225,326,90,206,270.0,429.0,18540,56.64,28.32,3.0,detected,0
3.0,3.0,90,14,person,0.3029,184,267,61,156,214.5,345.0,9516,29.09,29.09,2.9,detected,0
3.0,3.0,90,15,person,0.7259,588,288,76,194,626.0,385.0,14744,68.15,68.15,2.867,detected,0
3.0,3.0,90,47,person,0.5876,799,194,55,180,826.5,284.0,9900,0.0,0.0,0.433,detected,0
4.0,4.0,120,1,person,0.292,757,180,79,156,796.5,258.0,12324,46.35,23.17,4.0,detected,0
4.0,4.0,120,2,person,0.5021,649,302,89,168,693.5,386.0,14952,123.89,30.97,4.0,detected,0
4.0,4.0,120,3,person,0.1508,715,231,70,194,750.0,328.0,13580,13.76,13.76,4.0,detected,0
4.0,4.0,120,5,person,0.782,476,319,131,192,541.5,415.0,25152,66.73,66.73,4.0,detected,0
4.0,4.0,120,6,person,0.3314,831,278,130,219,896.0,387.5,28470,89.51,89.51,4.0,detected,0
4.0,4.0,120,9,person,0.7233,835,170,72,137,871.0,238.5,9864,64.49,64.49,4.0,detected,0
4.0,4.0,120,10,person,0.61,283,361,97,206,331.5,464.0,19982,70.76,70.76,4.0,detected,0
4.0,4.0,120,14,person,0.7242,139,284,97,162,187.5,365.0,15714,33.6,33.6,3.9,detected,0
4.0,4.0,120,47,person,0.2104,933,190,73,131,969.5,255.5,9563,145.81,145.81,1.433,predicted,3
5.0,5.0,150,2,person,0.1849,795,296,63,148,826.5,370.0,9324,133.96,133.96,5.0,detected,0
5.0,5.0,150,3,person,0.1638,713,171,83,183,754.5,262.5,15189,65.65,65.65,5.0,detected,0
5.0,5.0,150,5,person,0.3326,614,317,93,180,660.5,407.0,16740,119.27,119.27,5.0,detected,0
5.0,5.0,150,7,person,0.7915,432,374,63,152,463.5,450.0,9576,260.32,86.77,5.0,detected,0
5.0,5.0,150,9,person,0.1697,805,142,56,125,833.0,204.5,7000,50.99,50.99,5.0,detected,0
5.0,5.0,150,14,person,0.4681,213,284,62,147,244.0,357.5,9114,57.0,57.0,4.9,detected,0
5.0,5.0,150,18,person,0.2575,739,155,47,94,762.5,202.0,4418,0.0,0.0,4.767,detected,0
5.0,5.0,150,19,person,0.2146,793,179,82,109,834.0,233.5,8938,197.48,49.37,4.7,detected,0
5.0,5.0,150,46,person,0.5846,985,263,58,176,1014.0,351.0,10208,0.0,0.0,2.9,detected,0
6.0,6.0,180,2,person,0.2649,774,320,82,160,815.0,400.0,13120,32.13,32.13,6.0,detected,0
6.0,6.0,180,3,person,0.3638,616,246,76,131,654.0,311.5,9956,111.81,111.81,6.0,detected,0
6.0,6.0,180,5,person,0.6628,609,353,100,200,659.0,453.0,20000,46.02,46.02,6.0,detected,0
6.0,6.0,180,9,person,0.3164,621,161,63,160,652.5,241.0,10080,184.15,184.15,6.0,detected,0
6.0,6.0,180,10,person,0.7884,436,417,109,172,490.5,503.0,18748,163.71,81.86,6.0,detected,0
6.0,6.0,180,18,person,0.433,541,186,83,152,582.5,262.0,12616,189.74,189.74,5.767,detected,0
6.0,6.0,180,28,person,0.1854,621,358,53,155,647.5,435.5,8215,0.0,0.0,5.2,detected,0
6.0,6.0,180,46,person,0.5007,949,278,83,191,990.5,373.5,15853,32.53,32.53,3.9,detected,0
6.0,6.0,180,54,person,0.4197,133,335,109,185,187.5,427.5,20165,0.0,0.0,3.233,detected,0
7.0,7.0,210,1,person,0.2099,408,355,59,166,437.5,438.0,9794,401.6,133.87,7.0,predicted,12
7.0,7.0,210,2,person,0.5231,317,380,54,148,344.0,454.0,7992,474.09,474.09,7.0,predicted,7
7.0,7.0,210,5,person,0.4035,636,354,68,201,670.0,454.5,13668,11.1,11.1,7.0,detected,0
7.0,7.0,210,6,person,0.4965,440,467,134,178,507.0,556.0,23852,423.93,141.31,7.0,predicted,1
7.0,7.0,210,10,person,0.1945,510,410,81,104,550.5,462.0,8424,72.67,72.67,7.0,predicted,3
7.0,7.0,210,14,person,0.2076,101,380,52,108,127.0,434.0,5616,139.79,69.9,6.9,detected,0
7.0,7.0,210,18,person,0.2396,404,198,128,143,468.0,269.5,18304,114.75,114.75,6.767,detected,0
7.0,7.0,210,28,person,0.5224,528,246,66,116,561.0,304.0,7656,157.4,157.4,6.2,detected,0
7.0,7.0,210,46,person,0.8269,949,243,110,188,1004.0,337.0,20680,38.92,38.92,4.9,detected,0
7.0,7.0,210,54,person,0.4143,83,381,116,200,141.0,481.0,23200,70.88,70.88,4.233,detected,0
7.0,7.0,210,77,person,0.1962,280,25,126,161,343.0,105.5,20286,0.0,0.0,1.033,predicted,15
7.0,7.0,210,78,person,0.4447,767,308,100,169,817.0,392.5,16900,0.0,0.0,0.267,detected,0
8.0,8.0,240,3,person,0.1685,471,227,71,161,506.5,307.5,11431,147.55,73.78,8.0,predicted,6
8.0,8.0,240,5,person,0.7866,869,333,103,199,920.5,432.5,20497,251.46,251.46,8.0,detected,0
8.0,8.0,240,10,person,0.7916,785,415,146,196,858.0,513.0,28616,311.7,311.7,8.0,detected,0
8.0,8.0,240,18,person,0.5298,575,181,87,195,618.5,278.5,16965,150.77,150.77,7.767,detected,0
8.0,8.0,240,28,person,0.6453,707,225,57,149,735.5,299.5,8493,174.56,174.56,7.2,detected,0
8.0,8.0,240,54,person,0.7904,205,419,146,185,278.0,511.5,27010,140.35,140.35,5.233,detected,0
8.0,8.0,240,78,person,0.7231,1126,173,121,184,1186.5,265.0,22264,390.88,390.88,1.267,detected,0
8.0,8.0,240,89,person,0.3523,372,66,45,117,394.5,124.5,5265,0.0,0.0,0.9,predicted,9
8.0,8.0,240,96,person,0.7809,-260,147,66,124,-227.0,209.0,8184,0.0,0.0,0.733,predicted,10
8.0,8.0,240,97,person,0.1836,368,181,50,108,393.0,235.0,5400,0.0,0.0,0.733,predicted,4
8.0,8.0,240,98,person,0.2106,325,72,51,156,350.5,150.0,7956,0.0,0.0,0.667,detected,0
8.0,8.0,240,102,person,0.1563,441,17,55,105,468.5,69.5,5775,0.0,0.0,0.633,predicted,11
8.0,8.0,240,105,person,0.2376,563,89,42,102,584.0,140.0,4284,0.0,0.0,0.533,predicted,13
8.0,8.0,240,112,person,0.1778,1072,52,43,85,1093.5,94.5,3655,0.0,0.0,0.267,predicted,1
8.0,8.0,240,113,person,0.1538,1128,58,41,144,1148.5,130.0,5904,0.0,0.0,0.233,predicted,1
8.0,8.0,240,117,person,0.4156,1054,639,85,82,1096.5,680.0,6970,0.0,0.0,0.1,predicted,1
8.0,8.0,240,118,person,0.7318,1010,272,113,185,1066.5,364.5,20905,0.0,0.0,0.067,detected,0
8.0,8.0,240,119,person,0.3952,1007,43,52,126,1033.0,106.0,6552,0.0,0.0,0.067,detected,0
9.0,9.0,270,3,person,0.3383,206,264,56,103,234.0,315.5,5768,272.62,272.62,9.0,detected,0
9.0,9.0,270,5,person,0.7783,808,324,69,186,842.5,417.0,12834,79.53,79.53,9.0,detected,0
9.0,9.0,270,9,person,0.1924,155,153,56,131,183.0,218.5,7336,470.04,156.68,9.0,detected,0
9.0,9.0,270,10,person,0.7605,741,424,86,212,784.0,530.0,18232,75.93,75.93,9.0,detected,0
9.0,9.0,270,14,person,0.1925,2561,-373,53,158,2587.5,-294.0,8374,2565.94,1282.97,8.9,predicted,9
9.0,9.0,270,18,person,0.7311,453,225,62,190,484.0,320.0,11780,140.76,140.76,8.767,detected,0
9.0,9.0,270,28,person,0.7425,583,226,58,178,612.0,315.0,10324,124.47,124.47,8.2,detected,0
9.0,9.0,270,54,person,0.3209,132,500,85,211,174.5,605.5,17935,139.82,139.82,6.233,detected,0
9.0,9.0,270,89,person,0.2023,-264,268,89,228,-219.5,382.0,20292,665.81,665.81,1.9,predicted,12
9.0,9.0,270,93,person,0.7262,402,177,72,134,438.0,244.0,9648,0.0,0.0,1.767,detected,0
9.0,9.0,270,98,person,0.2366,420,-240,41,106,440.5,-187.0,4346,348.81,348.81,1.667,predicted,9
9.0,9.0,270,105,person,0.3693,198,169,46,105,221.0,221.5,4830,372.04,372.04,1.533,detected,0
9.0,9.0,270,111,person,0.7907,1030,108,85,168,1072.5,192.0,14280,0.0,0.0,1.267,detected,0
9.0,9.0,270,113,person,0.3356,1016,732,75,61,1053.5,762.5,4575,639.59,639.59,1.233,predicted,4
9.0,9.0,270,118,person,0.8751,979,234,77,203,1017.5,335.5,15631,56.94,56.94,1.067,detected,0
9.0,9.0,270,119,person,0.6862,271,115,61,161,301.5,195.5,9821,736.95,736.95,1.067,detected,0
9.0,9.0,270,122,person,0.5067,945,570,57,84,973.5,612.0,4788,0.0,0.0,0.833,detected,0
9.0,9.0,270,123,person,0.2147,898,587,58,51,927.0,612.5,2958,0.0,0.0,0.833,predicted,1
9.0,9.0,270,128,person,0.1588,149,258,55,97,176.5,306.5,5335,0.0,0.0,0.767,predicted,1
9.0,9.0,270,141,person,0.222,142,154,50,94,167.0,201.0,4700,0.0,0.0,0.433,detected,0
9.0,9.0,270,146,person,0.3091,64,233,56,78,92.0,272.0,4368,0.0,0.0,0.167,detected,0
9.0,9.0,270,148,person,0.1531,104,150,52,92,130.0,196.0,4784,0.0,0.0,0.167,detected,0
9.0,9.0,270,150,person,0.1842,1243,632,36,87,1261.0,675.5,3132,0.0,0.0,0.133,predicted,4
9.0,9.0,270,151,person,0.2533,2,159,48,122,26.0,220.0,5856,0.0,0.0,0.133,detected,0
10.0,10.0,300,5,person,0.554,791,334,67,189,824.5,428.5,12663,21.36,21.36,10.0,detected,0
10.0,10.0,300,7,person,0.4872,126,577,60,143,156.0,648.5,8580,366.0,73.2,10.0,detected,0
10.0,10.0,300,9,person,0.7094,-3410,1070,48,86,-3386.0,1113.0,4128,3679.39,3679.39,10.0,predicted,11
10.0,10.0,300,10,person,0.2943,703,468,73,196,739.5,566.0,14308,57.24,57.24,10.0,detected,0
10.0,10.0,300,18,person,0.3823,335,317,77,160,373.5,397.0,12320,134.68,134.68,9.767,detected,0
10.0,10.0,300,28,person,0.2341,542,266,58,168,571.0,350.0,9744,53.91,53.91,9.2,detected,0
10.0,10.0,300,97,person,0.4594,343,210,50,128,368.0,274.0,6400,46.32,23.16,2.733,detected,0
10.0,10.0,300,98,person,0.4547,625,-1111,70,145,660.0,-1038.5,10150,879.34,879.34,2.667,predicted,14
10.0,10.0,300,111,person,0.5042,1003,94,73,177,1039.5,182.5,12921,34.34,34.34,2.267,detected,0
10.0,10.0,300,118,person,0.4383,949,239,71,180,984.5,329.0,12780,33.63,33.63,2.067,detected,0
10.0,10.0,300,149,person,0.3158,1393,510,58,150,1422.0,585.0,8700,0.0,0.0,1.167,predicted,13
10.0,10.0,300,150,person,0.188,897,652,98,112,946.0,708.0,10976,316.67,316.67,1.133,predicted,6
10.0,10.0,300,151,person,0.2883,-72,-17,51,166,-46.5,66.0,8466,170.21,170.21,1.133,predicted,15
10.0,10.0,300,153,person,0.7372,40,1,72,174,76.0,88.0,12528,0.0,0.0,0.867,predicted,13
10.0,10.0,300,155,person,0.5355,1135,778,67,62,1168.5,809.0,4154,0.0,0.0,0.6,predicted,7
10.0,10.0,300,160,person,0.2745,341,35,35,60,358.5,65.0,2100,0.0,0.0,0.533,predicted,10
10.0,10.0,300,163,person,0.1871,1024,651,50,88,1049.0,695.0,4400,0.0,0.0,0.5,predicted,3
10.0,10.0,300,164,person,0.1763,921,621,42,32,942.0,637.0,1344,0.0,0.0,0.367,predicted,4
10.0,10.0,300,165,person,0.1897,1244,519,42,119,1265.0,578.5,4998,0.0,0.0,0.267,predicted,7
10.0,10.0,300,166,person,0.2532,1153,600,39,58,1172.5,629.0,2262,0.0,0.0,0.233,predicted,7
11.0,11.0,330,5,person,0.8486,757,387,78,193,796.0,483.5,15054,61.95,61.95,11.0,detected,0
11.0,11.0,330,7,person,0.188,113,691,38,32,132.0,707.0,1216,63.23,63.23,11.0,predicted,3
11.0,11.0,330,10,person,0.7559,662,573,63,146,693.5,646.0,9198,92.28,92.28,11.0,detected,0
11.0,11.0,330,18,person,0.8264,275,432,73,183,311.5,523.5,13359,140.88,140.88,10.767,detected,0
11.0,11.0,330,28,person,0.6259,516,347,53,188,542.5,441.0,9964,95.36,95.36,10.2,detected,0
11.0,11.0,330,93,person,0.2068,234,281,75,140,271.5,351.0,10500,197.92,98.96,3.767,detected,0
11.0,11.0,330,111,person,0.5842,891,122,63,174,922.5,209.0,10962,119.96,119.96,3.267,detected,0
11.0,11.0,330,114,person,0.2104,-138,-113,55,161,-110.5,-32.5,8855,0.0,0.0,3.2,predicted,4
11.0,11.0,330,118,person,0.8796,860,276,55,191,887.5,371.5,10505,105.9,105.9,3.067,detected,0
11.0,11.0,330,121,person,0.4967,615,953,56,151,643.0,1028.5,8456,0.0,0.0,2.867,predicted,12
11.0,11.0,330,153,person,0.2693,206,-8,39,147,225.5,65.5,5733,151.18,151.18,1.867,predicted,3
11.0,11.0,330,155,person,0.2546,1270,725,41,47,1290.5,748.5,1927,136.18,136.18,1.6,predicted,12
11.0,11.0,330,160,person,0.4735,-95,222,39,146,-75.5,295.0,5694,491.18,491.18,1.533,predicted,3
11.0,11.0,330,165,person,0.2303,1140,568,57,86,1168.5,611.0,4902,101.83,101.83,1.267,detected,0
11.0,11.0,330,172,person,0.6547,0,140,49,178,24.5,229.0,8722,0.0,0.0,0.833,detected,0
11.0,11.0,330,179,person,0.4087,1141,272,56,145,1169.0,344.5,8120,0.0,0.0,0.533,detected,0
11.0,11.0,330,188,person,0.1863,1072,237,67,125,1105.5,299.5,8375,0.0,0.0,0.167,predicted,4
11.0,11.0,330,189,person,0.2524,1251,358,29,90,1265.5,403.0,2610,0.0,0.0,0.133,detected,0
11.0,11.0,330,191,person,0.377,1245,503,33,64,1261.5,535.0,2112,0.0,0.0,0.067,detected,0
11.0,11.0,330,193,person,0.1502,1259,523,21,84,1269.5,565.0,1764,0.0,0.0,0.067,detected,0
